phase,city_id,relationship,dimension,conditioning_scale_or_selection,metric,comparison_a,comparison_b,coefficient_a,coefficient_b,signed_delta,absolute_delta
EXPLORATION,P004,BUILDING_ROAD,SCALE,ALL,SPEARMAN_RHO,1km,5km,0.729431871358,0.807866399743,0.0784345283858,0.0784345283858
EXPLORATION,P004,BUILDING_ROAD,SCALE,ALL,WEIGHTED_PEARSON_R,1km,5km,0.604464256643,0.705875259667,0.101411003024,0.101411003024
EXPLORATION,P004,BUILDING_ROAD,SCALE,COVERAGE_80,SPEARMAN_RHO,1km,5km,0.695381231291,0.65670995671,-0.0386712745814,0.0386712745814
EXPLORATION,P004,BUILDING_ROAD,SCALE,COVERAGE_80,WEIGHTED_PEARSON_R,1km,5km,0.592936016848,0.60944468628,0.0165086694319,0.0165086694319
EXPLORATION,P004,BUILDING_ROAD,COVERAGE,1km,SPEARMAN_RHO,ALL,COVERAGE_80,0.729431871358,0.695381231291,-0.0340506400662,0.0340506400662
EXPLORATION,P004,BUILDING_ROAD,COVERAGE,1km,WEIGHTED_PEARSON_R,ALL,COVERAGE_80,0.604464256643,0.592936016848,-0.0115282397953,0.0115282397953
EXPLORATION,P004,BUILDING_ROAD,COVERAGE,5km,SPEARMAN_RHO,ALL,COVERAGE_80,0.807866399743,0.65670995671,-0.151156443033,0.151156443033
EXPLORATION,P004,BUILDING_ROAD,COVERAGE,5km,WEIGHTED_PEARSON_R,ALL,COVERAGE_80,0.705875259667,0.60944468628,-0.0964305733878,0.0964305733878
EXPLORATION,P004,BUILDING_ROAD,METRIC,1km|ALL,SPEARMAN_VS_WEIGHTED_PEARSON,SPEARMAN_RHO,WEIGHTED_PEARSON_R,0.729431871358,0.604464256643,-0.124967614715,0.124967614715
EXPLORATION,P004,BUILDING_ROAD,METRIC,1km|COVERAGE_80,SPEARMAN_VS_WEIGHTED_PEARSON,SPEARMAN_RHO,WEIGHTED_PEARSON_R,0.695381231291,0.592936016848,-0.102445214444,0.102445214444
EXPLORATION,P004,BUILDING_ROAD,METRIC,5km|ALL,SPEARMAN_VS_WEIGHTED_PEARSON,SPEARMAN_RHO,WEIGHTED_PEARSON_R,0.807866399743,0.705875259667,-0.101991140076,0.101991140076
EXPLORATION,P004,BUILDING_ROAD,METRIC,5km|COVERAGE_80,SPEARMAN_VS_WEIGHTED_PEARSON,SPEARMAN_RHO,WEIGHTED_PEARSON_R,0.65670995671,0.60944468628,-0.0472652704304,0.0472652704304
EXPLORATION,P004,BUILDING_HEIGHT,SCALE,ALL,SPEARMAN_RHO,1km,5km,0.579939738741,0.553010873099,-0.0269288656419,0.0269288656419
EXPLORATION,P004,BUILDING_HEIGHT,SCALE,ALL,WEIGHTED_PEARSON_R,1km,5km,0.233297810685,0.210073432905,-0.02322437778,0.02322437778
EXPLORATION,P004,BUILDING_HEIGHT,SCALE,COVERAGE_80,SPEARMAN_RHO,1km,5km,0.559003849937,0.221572871573,-0.337430978364,0.337430978364
EXPLORATION,P004,BUILDING_HEIGHT,SCALE,COVERAGE_80,WEIGHTED_PEARSON_R,1km,5km,0.232364567857,0.155318196817,-0.0770463710398,0.0770463710398
EXPLORATION,P004,BUILDING_HEIGHT,COVERAGE,1km,SPEARMAN_RHO,ALL,COVERAGE_80,0.579939738741,0.559003849937,-0.0209358888037,0.0209358888037
EXPLORATION,P004,BUILDING_HEIGHT,COVERAGE,1km,WEIGHTED_PEARSON_R,ALL,COVERAGE_80,0.233297810685,0.232364567857,-0.000933242827878,0.000933242827878
EXPLORATION,P004,BUILDING_HEIGHT,COVERAGE,5km,SPEARMAN_RHO,ALL,COVERAGE_80,0.553010873099,0.221572871573,-0.331438001526,0.331438001526
EXPLORATION,P004,BUILDING_HEIGHT,COVERAGE,5km,WEIGHTED_PEARSON_R,ALL,COVERAGE_80,0.210073432905,0.155318196817,-0.0547552360876,0.0547552360876
EXPLORATION,P004,BUILDING_HEIGHT,METRIC,1km|ALL,SPEARMAN_VS_WEIGHTED_PEARSON,SPEARMAN_RHO,WEIGHTED_PEARSON_R,0.579939738741,0.233297810685,-0.346641928056,0.346641928056
EXPLORATION,P004,BUILDING_HEIGHT,METRIC,1km|COVERAGE_80,SPEARMAN_VS_WEIGHTED_PEARSON,SPEARMAN_RHO,WEIGHTED_PEARSON_R,0.559003849937,0.232364567857,-0.32663928208,0.32663928208
EXPLORATION,P004,BUILDING_HEIGHT,METRIC,5km|ALL,SPEARMAN_VS_WEIGHTED_PEARSON,SPEARMAN_RHO,WEIGHTED_PEARSON_R,0.553010873099,0.210073432905,-0.342937440194,0.342937440194
EXPLORATION,P004,BUILDING_HEIGHT,METRIC,5km|COVERAGE_80,SPEARMAN_VS_WEIGHTED_PEARSON,SPEARMAN_RHO,WEIGHTED_PEARSON_R,0.221572871573,0.155318196817,-0.0662546747557,0.0662546747557
EXPLORATION,P004,ROAD_HEIGHT,SCALE,ALL,SPEARMAN_RHO,1km,5km,0.668810158624,0.731893219665,0.0630830610415,0.0630830610415
EXPLORATION,P004,ROAD_HEIGHT,SCALE,ALL,WEIGHTED_PEARSON_R,1km,5km,0.654240890099,0.814986996228,0.160746106129,0.160746106129
EXPLORATION,P004,ROAD_HEIGHT,SCALE,COVERAGE_80,SPEARMAN_RHO,1km,5km,0.660252099584,0.686075036075,0.0258229364912,0.0258229364912
EXPLORATION,P004,ROAD_HEIGHT,SCALE,COVERAGE_80,WEIGHTED_PEARSON_R,1km,5km,0.653550904836,0.810749288087,0.157198383251,0.157198383251
EXPLORATION,P004,ROAD_HEIGHT,COVERAGE,1km,SPEARMAN_RHO,ALL,COVERAGE_80,0.668810158624,0.660252099584,-0.00855805904017,0.00855805904017
EXPLORATION,P004,ROAD_HEIGHT,COVERAGE,1km,WEIGHTED_PEARSON_R,ALL,COVERAGE_80,0.654240890099,0.653550904836,-0.000689985262787,0.000689985262787
EXPLORATION,P004,ROAD_HEIGHT,COVERAGE,5km,SPEARMAN_RHO,ALL,COVERAGE_80,0.731893219665,0.686075036075,-0.0458181835905,0.0458181835905
EXPLORATION,P004,ROAD_HEIGHT,COVERAGE,5km,WEIGHTED_PEARSON_R,ALL,COVERAGE_80,0.814986996228,0.810749288087,-0.00423770814111,0.00423770814111
EXPLORATION,P004,ROAD_HEIGHT,METRIC,1km|ALL,SPEARMAN_VS_WEIGHTED_PEARSON,SPEARMAN_RHO,WEIGHTED_PEARSON_R,0.668810158624,0.654240890099,-0.0145692685252,0.0145692685252
EXPLORATION,P004,ROAD_HEIGHT,METRIC,1km|COVERAGE_80,SPEARMAN_VS_WEIGHTED_PEARSON,SPEARMAN_RHO,WEIGHTED_PEARSON_R,0.660252099584,0.653550904836,-0.0067011947478,0.0067011947478
EXPLORATION,P004,ROAD_HEIGHT,METRIC,5km|ALL,SPEARMAN_VS_WEIGHTED_PEARSON,SPEARMAN_RHO,WEIGHTED_PEARSON_R,0.731893219665,0.814986996228,0.0830937765622,0.0830937765622
EXPLORATION,P004,ROAD_HEIGHT,METRIC,5km|COVERAGE_80,SPEARMAN_VS_WEIGHTED_PEARSON,SPEARMAN_RHO,WEIGHTED_PEARSON_R,0.686075036075,0.810749288087,0.124674252012,0.124674252012
EXPLORATION,P026,BUILDING_ROAD,SCALE,ALL,SPEARMAN_RHO,1km,5km,0.611624736442,0.617786246961,0.00616151051972,0.00616151051972
EXPLORATION,P026,BUILDING_ROAD,SCALE,ALL,WEIGHTED_PEARSON_R,1km,5km,0.550576461099,0.763000318683,0.212423857584,0.212423857584
EXPLORATION,P026,BUILDING_ROAD,SCALE,COVERAGE_80,SPEARMAN_RHO,1km,5km,0.596205055512,0.633876791772,0.0376717362592,0.0376717362592
EXPLORATION,P026,BUILDING_ROAD,SCALE,COVERAGE_80,WEIGHTED_PEARSON_R,1km,5km,0.548189790568,0.749126522217,0.200936731649,0.200936731649
EXPLORATION,P026,BUILDING_ROAD,COVERAGE,1km,SPEARMAN_RHO,ALL,COVERAGE_80,0.611624736442,0.596205055512,-0.0154196809293,0.0154196809293
EXPLORATION,P026,BUILDING_ROAD,COVERAGE,1km,WEIGHTED_PEARSON_R,ALL,COVERAGE_80,0.550576461099,0.548189790568,-0.00238667053145,0.00238667053145
EXPLORATION,P026,BUILDING_ROAD,COVERAGE,5km,SPEARMAN_RHO,ALL,COVERAGE_80,0.617786246961,0.633876791772,0.0160905448102,0.0160905448102
EXPLORATION,P026,BUILDING_ROAD,COVERAGE,5km,WEIGHTED_PEARSON_R,ALL,COVERAGE_80,0.763000318683,0.749126522217,-0.0138737964665,0.0138737964665
EXPLORATION,P026,BUILDING_ROAD,METRIC,1km|ALL,SPEARMAN_VS_WEIGHTED_PEARSON,SPEARMAN_RHO,WEIGHTED_PEARSON_R,0.611624736442,0.550576461099,-0.0610482753423,0.0610482753423
EXPLORATION,P026,BUILDING_ROAD,METRIC,1km|COVERAGE_80,SPEARMAN_VS_WEIGHTED_PEARSON,SPEARMAN_RHO,WEIGHTED_PEARSON_R,0.596205055512,0.548189790568,-0.0480152649444,0.0480152649444
EXPLORATION,P026,BUILDING_ROAD,METRIC,5km|ALL,SPEARMAN_VS_WEIGHTED_PEARSON,SPEARMAN_RHO,WEIGHTED_PEARSON_R,0.617786246961,0.763000318683,0.145214071722,0.145214071722
EXPLORATION,P026,BUILDING_ROAD,METRIC,5km|COVERAGE_80,SPEARMAN_VS_WEIGHTED_PEARSON,SPEARMAN_RHO,WEIGHTED_PEARSON_R,0.633876791772,0.749126522217,0.115249730445,0.115249730445
EXPLORATION,P026,BUILDING_HEIGHT,SCALE,ALL,SPEARMAN_RHO,1km,5km,0.589260652412,0.520165898618,-0.0690947537944,0.0690947537944
EXPLORATION,P026,BUILDING_HEIGHT,SCALE,ALL,WEIGHTED_PEARSON_R,1km,5km,0.344714452551,0.573628215892,0.228913763341,0.228913763341
EXPLORATION,P026,BUILDING_HEIGHT,SCALE,COVERAGE_80,SPEARMAN_RHO,1km,5km,0.592552699746,0.513294671189,-0.0792580285563,0.0792580285563
EXPLORATION,P026,BUILDING_HEIGHT,SCALE,COVERAGE_80,WEIGHTED_PEARSON_R,1km,5km,0.333833091575,0.541014968327,0.207181876752,0.207181876752
EXPLORATION,P026,BUILDING_HEIGHT,COVERAGE,1km,SPEARMAN_RHO,ALL,COVERAGE_80,0.589260652412,0.592552699746,0.0032920473338,0.0032920473338
EXPLORATION,P026,BUILDING_HEIGHT,COVERAGE,1km,WEIGHTED_PEARSON_R,ALL,COVERAGE_80,0.344714452551,0.333833091575,-0.0108813609759,0.0108813609759
EXPLORATION,P026,BUILDING_HEIGHT,COVERAGE,5km,SPEARMAN_RHO,ALL,COVERAGE_80,0.520165898618,0.513294671189,-0.0068712274281,0.0068712274281
EXPLORATION,P026,BUILDING_HEIGHT,COVERAGE,5km,WEIGHTED_PEARSON_R,ALL,COVERAGE_80,0.573628215892,0.541014968327,-0.0326132475645,0.0326132475645
EXPLORATION,P026,BUILDING_HEIGHT,METRIC,1km|ALL,SPEARMAN_VS_WEIGHTED_PEARSON,SPEARMAN_RHO,WEIGHTED_PEARSON_R,0.589260652412,0.344714452551,-0.244546199861,0.244546199861
EXPLORATION,P026,BUILDING_HEIGHT,METRIC,1km|COVERAGE_80,SPEARMAN_VS_WEIGHTED_PEARSON,SPEARMAN_RHO,WEIGHTED_PEARSON_R,0.592552699746,0.333833091575,-0.258719608171,0.258719608171
EXPLORATION,P026,BUILDING_HEIGHT,METRIC,5km|ALL,SPEARMAN_VS_WEIGHTED_PEARSON,SPEARMAN_RHO,WEIGHTED_PEARSON_R,0.520165898618,0.573628215892,0.0534623172741,0.0534623172741
EXPLORATION,P026,BUILDING_HEIGHT,METRIC,5km|COVERAGE_80,SPEARMAN_VS_WEIGHTED_PEARSON,SPEARMAN_RHO,WEIGHTED_PEARSON_R,0.513294671189,0.541014968327,0.0277202971377,0.0277202971377
EXPLORATION,P026,ROAD_HEIGHT,SCALE,ALL,SPEARMAN_RHO,1km,5km,0.528940134081,0.472080602275,-0.056859531806,0.056859531806
EXPLORATION,P026,ROAD_HEIGHT,SCALE,ALL,WEIGHTED_PEARSON_R,1km,5km,0.650961587179,0.810274249518,0.159312662339,0.159312662339
EXPLORATION,P026,ROAD_HEIGHT,SCALE,COVERAGE_80,SPEARMAN_RHO,1km,5km,0.56933662043,0.684648210964,0.115311590534,0.115311590534
EXPLORATION,P026,ROAD_HEIGHT,SCALE,COVERAGE_80,WEIGHTED_PEARSON_R,1km,5km,0.651857307994,0.848131288144,0.19627398015,0.19627398015
EXPLORATION,P026,ROAD_HEIGHT,COVERAGE,1km,SPEARMAN_RHO,ALL,COVERAGE_80,0.528940134081,0.56933662043,0.040396486349,0.040396486349
EXPLORATION,P026,ROAD_HEIGHT,COVERAGE,1km,WEIGHTED_PEARSON_R,ALL,COVERAGE_80,0.650961587179,0.651857307994,0.000895720814861,0.000895720814861
EXPLORATION,P026,ROAD_HEIGHT,COVERAGE,5km,SPEARMAN_RHO,ALL,COVERAGE_80,0.472080602275,0.684648210964,0.212567608689,0.212567608689
EXPLORATION,P026,ROAD_HEIGHT,COVERAGE,5km,WEIGHTED_PEARSON_R,ALL,COVERAGE_80,0.810274249518,0.848131288144,0.0378570386256,0.0378570386256
EXPLORATION,P026,ROAD_HEIGHT,METRIC,1km|ALL,SPEARMAN_VS_WEIGHTED_PEARSON,SPEARMAN_RHO,WEIGHTED_PEARSON_R,0.528940134081,0.650961587179,0.122021453099,0.122021453099
EXPLORATION,P026,ROAD_HEIGHT,METRIC,1km|COVERAGE_80,SPEARMAN_VS_WEIGHTED_PEARSON,SPEARMAN_RHO,WEIGHTED_PEARSON_R,0.56933662043,0.651857307994,0.0825206875643,0.0825206875643
EXPLORATION,P026,ROAD_HEIGHT,METRIC,5km|ALL,SPEARMAN_VS_WEIGHTED_PEARSON,SPEARMAN_RHO,WEIGHTED_PEARSON_R,0.472080602275,0.810274249518,0.338193647244,0.338193647244
EXPLORATION,P026,ROAD_HEIGHT,METRIC,5km|COVERAGE_80,SPEARMAN_VS_WEIGHTED_PEARSON,SPEARMAN_RHO,WEIGHTED_PEARSON_R,0.684648210964,0.848131288144,0.16348307718,0.16348307718
EXPLORATION,P037,BUILDING_ROAD,SCALE,ALL,SPEARMAN_RHO,1km,5km,0.690900763523,0.733981031691,0.0430802681675,0.0430802681675
EXPLORATION,P037,BUILDING_ROAD,SCALE,ALL,WEIGHTED_PEARSON_R,1km,5km,0.586918456954,0.785316442828,0.198397985874,0.198397985874
EXPLORATION,P037,BUILDING_ROAD,SCALE,COVERAGE_80,SPEARMAN_RHO,1km,5km,0.673143940129,0.728571428571,0.0554274884422,0.0554274884422
EXPLORATION,P037,BUILDING_ROAD,SCALE,COVERAGE_80,WEIGHTED_PEARSON_R,1km,5km,0.577848199532,0.777216476802,0.19936827727,0.19936827727
EXPLORATION,P037,BUILDING_ROAD,COVERAGE,1km,SPEARMAN_RHO,ALL,COVERAGE_80,0.690900763523,0.673143940129,-0.0177568233943,0.0177568233943
EXPLORATION,P037,BUILDING_ROAD,COVERAGE,1km,WEIGHTED_PEARSON_R,ALL,COVERAGE_80,0.586918456954,0.577848199532,-0.00907025742213,0.00907025742213
EXPLORATION,P037,BUILDING_ROAD,COVERAGE,5km,SPEARMAN_RHO,ALL,COVERAGE_80,0.733981031691,0.728571428571,-0.00540960311953,0.00540960311953
EXPLORATION,P037,BUILDING_ROAD,COVERAGE,5km,WEIGHTED_PEARSON_R,ALL,COVERAGE_80,0.785316442828,0.777216476802,-0.00809996602605,0.00809996602605
EXPLORATION,P037,BUILDING_ROAD,METRIC,1km|ALL,SPEARMAN_VS_WEIGHTED_PEARSON,SPEARMAN_RHO,WEIGHTED_PEARSON_R,0.690900763523,0.586918456954,-0.10398230657,0.10398230657
EXPLORATION,P037,BUILDING_ROAD,METRIC,1km|COVERAGE_80,SPEARMAN_VS_WEIGHTED_PEARSON,SPEARMAN_RHO,WEIGHTED_PEARSON_R,0.673143940129,0.577848199532,-0.0952957405974,0.0952957405974
EXPLORATION,P037,BUILDING_ROAD,METRIC,5km|ALL,SPEARMAN_VS_WEIGHTED_PEARSON,SPEARMAN_RHO,WEIGHTED_PEARSON_R,0.733981031691,0.785316442828,0.0513354111366,0.0513354111366
EXPLORATION,P037,BUILDING_ROAD,METRIC,5km|COVERAGE_80,SPEARMAN_VS_WEIGHTED_PEARSON,SPEARMAN_RHO,WEIGHTED_PEARSON_R,0.728571428571,0.777216476802,0.0486450482301,0.0486450482301
EXPLORATION,P037,BUILDING_HEIGHT,SCALE,ALL,SPEARMAN_RHO,1km,5km,0.832393127998,0.803664552502,-0.0287285754961,0.0287285754961
EXPLORATION,P037,BUILDING_HEIGHT,SCALE,ALL,WEIGHTED_PEARSON_R,1km,5km,0.62079275699,0.697112856945,0.0763200999554,0.0763200999554
EXPLORATION,P037,BUILDING_HEIGHT,SCALE,COVERAGE_80,SPEARMAN_RHO,1km,5km,0.819349931176,0.610714285714,-0.208635645462,0.208635645462
EXPLORATION,P037,BUILDING_HEIGHT,SCALE,COVERAGE_80,WEIGHTED_PEARSON_R,1km,5km,0.613397648446,0.700753862963,0.087356214517,0.087356214517
EXPLORATION,P037,BUILDING_HEIGHT,COVERAGE,1km,SPEARMAN_RHO,ALL,COVERAGE_80,0.832393127998,0.819349931176,-0.0130431968216,0.0130431968216
EXPLORATION,P037,BUILDING_HEIGHT,COVERAGE,1km,WEIGHTED_PEARSON_R,ALL,COVERAGE_80,0.62079275699,0.613397648446,-0.00739510854349,0.00739510854349
EXPLORATION,P037,BUILDING_HEIGHT,COVERAGE,5km,SPEARMAN_RHO,ALL,COVERAGE_80,0.803664552502,0.610714285714,-0.192950266787,0.192950266787
EXPLORATION,P037,BUILDING_HEIGHT,COVERAGE,5km,WEIGHTED_PEARSON_R,ALL,COVERAGE_80,0.697112856945,0.700753862963,0.00364100601806,0.00364100601806
EXPLORATION,P037,BUILDING_HEIGHT,METRIC,1km|ALL,SPEARMAN_VS_WEIGHTED_PEARSON,SPEARMAN_RHO,WEIGHTED_PEARSON_R,0.832393127998,0.62079275699,-0.211600371008,0.211600371008
EXPLORATION,P037,BUILDING_HEIGHT,METRIC,1km|COVERAGE_80,SPEARMAN_VS_WEIGHTED_PEARSON,SPEARMAN_RHO,WEIGHTED_PEARSON_R,0.819349931176,0.613397648446,-0.20595228273,0.20595228273
EXPLORATION,P037,BUILDING_HEIGHT,METRIC,5km|ALL,SPEARMAN_VS_WEIGHTED_PEARSON,SPEARMAN_RHO,WEIGHTED_PEARSON_R,0.803664552502,0.697112856945,-0.106551695556,0.106551695556
EXPLORATION,P037,BUILDING_HEIGHT,METRIC,5km|COVERAGE_80,SPEARMAN_VS_WEIGHTED_PEARSON,SPEARMAN_RHO,WEIGHTED_PEARSON_R,0.610714285714,0.700753862963,0.0900395772492,0.0900395772492
EXPLORATION,P037,ROAD_HEIGHT,SCALE,ALL,SPEARMAN_RHO,1km,5km,0.651295651439,0.672022551092,0.0207268996536,0.0207268996536
EXPLORATION,P037,ROAD_HEIGHT,SCALE,ALL,WEIGHTED_PEARSON_R,1km,5km,0.609289575898,0.826348252495,0.217058676598,0.217058676598
EXPLORATION,P037,ROAD_HEIGHT,SCALE,COVERAGE_80,SPEARMAN_RHO,1km,5km,0.65269819053,0.732142857143,0.079444666613,0.079444666613
EXPLORATION,P037,ROAD_HEIGHT,SCALE,COVERAGE_80,WEIGHTED_PEARSON_R,1km,5km,0.603031708815,0.887349614363,0.284317905547,0.284317905547
EXPLORATION,P037,ROAD_HEIGHT,COVERAGE,1km,SPEARMAN_RHO,ALL,COVERAGE_80,0.651295651439,0.65269819053,0.00140253909121,0.00140253909121
EXPLORATION,P037,ROAD_HEIGHT,COVERAGE,1km,WEIGHTED_PEARSON_R,ALL,COVERAGE_80,0.609289575898,0.603031708815,-0.00625786708274,0.00625786708274
EXPLORATION,P037,ROAD_HEIGHT,COVERAGE,5km,SPEARMAN_RHO,ALL,COVERAGE_80,0.672022551092,0.732142857143,0.0601203060505,0.0601203060505
EXPLORATION,P037,ROAD_HEIGHT,COVERAGE,5km,WEIGHTED_PEARSON_R,ALL,COVERAGE_80,0.826348252495,0.887349614363,0.0610013618671,0.0610013618671
EXPLORATION,P037,ROAD_HEIGHT,METRIC,1km|ALL,SPEARMAN_VS_WEIGHTED_PEARSON,SPEARMAN_RHO,WEIGHTED_PEARSON_R,0.651295651439,0.609289575898,-0.0420060755407,0.0420060755407
EXPLORATION,P037,ROAD_HEIGHT,METRIC,1km|COVERAGE_80,SPEARMAN_VS_WEIGHTED_PEARSON,SPEARMAN_RHO,WEIGHTED_PEARSON_R,0.65269819053,0.603031708815,-0.0496664817147,0.0496664817147
EXPLORATION,P037,ROAD_HEIGHT,METRIC,5km|ALL,SPEARMAN_VS_WEIGHTED_PEARSON,SPEARMAN_RHO,WEIGHTED_PEARSON_R,0.672022551092,0.826348252495,0.154325701403,0.154325701403
EXPLORATION,P037,ROAD_HEIGHT,METRIC,5km|COVERAGE_80,SPEARMAN_VS_WEIGHTED_PEARSON,SPEARMAN_RHO,WEIGHTED_PEARSON_R,0.732142857143,0.887349614363,0.15520675722,0.15520675722
VALIDATION,P001,BUILDING_ROAD,SCALE,ALL,SPEARMAN_RHO,1km,5km,0.42558683717,0.481538075803,0.055951238633,0.055951238633
VALIDATION,P001,BUILDING_ROAD,SCALE,ALL,WEIGHTED_PEARSON_R,1km,5km,0.398668749806,0.611062333408,0.212393583602,0.212393583602
VALIDATION,P001,BUILDING_ROAD,SCALE,COVERAGE_80,SPEARMAN_RHO,1km,5km,0.41208595042,0.593325134168,0.181239183748,0.181239183748
VALIDATION,P001,BUILDING_ROAD,SCALE,COVERAGE_80,WEIGHTED_PEARSON_R,1km,5km,0.392588505623,0.616589927411,0.224001421788,0.224001421788
VALIDATION,P001,BUILDING_ROAD,COVERAGE,1km,SPEARMAN_RHO,ALL,COVERAGE_80,0.42558683717,0.41208595042,-0.01350088675,0.01350088675
VALIDATION,P001,BUILDING_ROAD,COVERAGE,1km,WEIGHTED_PEARSON_R,ALL,COVERAGE_80,0.398668749806,0.392588505623,-0.006080244183,0.006080244183
VALIDATION,P001,BUILDING_ROAD,COVERAGE,5km,SPEARMAN_RHO,ALL,COVERAGE_80,0.481538075803,0.593325134168,0.111787058365,0.111787058365
VALIDATION,P001,BUILDING_ROAD,COVERAGE,5km,WEIGHTED_PEARSON_R,ALL,COVERAGE_80,0.611062333408,0.616589927411,0.005527594003,0.005527594003
VALIDATION,P001,BUILDING_ROAD,METRIC,1km|ALL,SPEARMAN_VS_WEIGHTED_PEARSON,SPEARMAN_RHO,WEIGHTED_PEARSON_R,0.42558683717,0.398668749806,-0.026918087364,0.026918087364
VALIDATION,P001,BUILDING_ROAD,METRIC,1km|COVERAGE_80,SPEARMAN_VS_WEIGHTED_PEARSON,SPEARMAN_RHO,WEIGHTED_PEARSON_R,0.41208595042,0.392588505623,-0.019497444797,0.019497444797
VALIDATION,P001,BUILDING_ROAD,METRIC,5km|ALL,SPEARMAN_VS_WEIGHTED_PEARSON,SPEARMAN_RHO,WEIGHTED_PEARSON_R,0.481538075803,0.611062333408,0.129524257605,0.129524257605
VALIDATION,P001,BUILDING_ROAD,METRIC,5km|COVERAGE_80,SPEARMAN_VS_WEIGHTED_PEARSON,SPEARMAN_RHO,WEIGHTED_PEARSON_R,0.593325134168,0.616589927411,0.023264793243,0.023264793243
VALIDATION,P001,BUILDING_HEIGHT,SCALE,ALL,SPEARMAN_RHO,1km,5km,0.564241478374,0.629205610731,0.064964132357,0.064964132357
VALIDATION,P001,BUILDING_HEIGHT,SCALE,ALL,WEIGHTED_PEARSON_R,1km,5km,0.300487372702,0.674564371792,0.37407699909,0.37407699909
VALIDATION,P001,BUILDING_HEIGHT,SCALE,COVERAGE_80,SPEARMAN_RHO,1km,5km,0.555332654507,0.635202370304,0.079869715797,0.079869715797
VALIDATION,P001,BUILDING_HEIGHT,SCALE,COVERAGE_80,WEIGHTED_PEARSON_R,1km,5km,0.296585647463,0.649852409812,0.353266762349,0.353266762349
VALIDATION,P001,BUILDING_HEIGHT,COVERAGE,1km,SPEARMAN_RHO,ALL,COVERAGE_80,0.564241478374,0.555332654507,-0.008908823867,0.008908823867
VALIDATION,P001,BUILDING_HEIGHT,COVERAGE,1km,WEIGHTED_PEARSON_R,ALL,COVERAGE_80,0.300487372702,0.296585647463,-0.003901725239,0.003901725239
VALIDATION,P001,BUILDING_HEIGHT,COVERAGE,5km,SPEARMAN_RHO,ALL,COVERAGE_80,0.629205610731,0.635202370304,0.005996759573,0.005996759573
VALIDATION,P001,BUILDING_HEIGHT,COVERAGE,5km,WEIGHTED_PEARSON_R,ALL,COVERAGE_80,0.674564371792,0.649852409812,-0.02471196198,0.02471196198
VALIDATION,P001,BUILDING_HEIGHT,METRIC,1km|ALL,SPEARMAN_VS_WEIGHTED_PEARSON,SPEARMAN_RHO,WEIGHTED_PEARSON_R,0.564241478374,0.300487372702,-0.263754105672,0.263754105672
VALIDATION,P001,BUILDING_HEIGHT,METRIC,1km|COVERAGE_80,SPEARMAN_VS_WEIGHTED_PEARSON,SPEARMAN_RHO,WEIGHTED_PEARSON_R,0.555332654507,0.296585647463,-0.258747007044,0.258747007044
VALIDATION,P001,BUILDING_HEIGHT,METRIC,5km|ALL,SPEARMAN_VS_WEIGHTED_PEARSON,SPEARMAN_RHO,WEIGHTED_PEARSON_R,0.629205610731,0.674564371792,0.045358761061,0.045358761061
VALIDATION,P001,BUILDING_HEIGHT,METRIC,5km|COVERAGE_80,SPEARMAN_VS_WEIGHTED_PEARSON,SPEARMAN_RHO,WEIGHTED_PEARSON_R,0.635202370304,0.649852409812,0.014650039508,0.014650039508
VALIDATION,P001,ROAD_HEIGHT,SCALE,ALL,SPEARMAN_RHO,1km,5km,0.51751565604,0.671308381273,0.153792725233,0.153792725233
VALIDATION,P001,ROAD_HEIGHT,SCALE,ALL,WEIGHTED_PEARSON_R,1km,5km,0.53068746359,0.748861279244,0.218173815654,0.218173815654
VALIDATION,P001,ROAD_HEIGHT,SCALE,COVERAGE_80,SPEARMAN_RHO,1km,5km,0.526454806131,0.709470035778,0.183015229647,0.183015229647
VALIDATION,P001,ROAD_HEIGHT,SCALE,COVERAGE_80,WEIGHTED_PEARSON_R,1km,5km,0.52868260336,0.732416325875,0.203733722515,0.203733722515
VALIDATION,P001,ROAD_HEIGHT,COVERAGE,1km,SPEARMAN_RHO,ALL,COVERAGE_80,0.51751565604,0.526454806131,0.008939150091,0.008939150091
VALIDATION,P001,ROAD_HEIGHT,COVERAGE,1km,WEIGHTED_PEARSON_R,ALL,COVERAGE_80,0.53068746359,0.52868260336,-0.00200486023,0.00200486023
VALIDATION,P001,ROAD_HEIGHT,COVERAGE,5km,SPEARMAN_RHO,ALL,COVERAGE_80,0.671308381273,0.709470035778,0.038161654505,0.038161654505
VALIDATION,P001,ROAD_HEIGHT,COVERAGE,5km,WEIGHTED_PEARSON_R,ALL,COVERAGE_80,0.748861279244,0.732416325875,-0.016444953369,0.016444953369
VALIDATION,P001,ROAD_HEIGHT,METRIC,1km|ALL,SPEARMAN_VS_WEIGHTED_PEARSON,SPEARMAN_RHO,WEIGHTED_PEARSON_R,0.51751565604,0.53068746359,0.01317180755,0.01317180755
VALIDATION,P001,ROAD_HEIGHT,METRIC,1km|COVERAGE_80,SPEARMAN_VS_WEIGHTED_PEARSON,SPEARMAN_RHO,WEIGHTED_PEARSON_R,0.526454806131,0.52868260336,0.002227797229,0.002227797229
VALIDATION,P001,ROAD_HEIGHT,METRIC,5km|ALL,SPEARMAN_VS_WEIGHTED_PEARSON,SPEARMAN_RHO,WEIGHTED_PEARSON_R,0.671308381273,0.748861279244,0.077552897971,0.077552897971
VALIDATION,P001,ROAD_HEIGHT,METRIC,5km|COVERAGE_80,SPEARMAN_VS_WEIGHTED_PEARSON,SPEARMAN_RHO,WEIGHTED_PEARSON_R,0.709470035778,0.732416325875,0.022946290097,0.022946290097
VALIDATION,P003,BUILDING_ROAD,SCALE,ALL,SPEARMAN_RHO,1km,5km,0.614864437249,0.757810086527,0.142945649278,0.142945649278
VALIDATION,P003,BUILDING_ROAD,SCALE,ALL,WEIGHTED_PEARSON_R,1km,5km,0.545177250495,0.784925940546,0.239748690051,0.239748690051
VALIDATION,P003,BUILDING_ROAD,SCALE,COVERAGE_80,SPEARMAN_RHO,1km,5km,0.574007885876,0.711040787623,0.137032901747,0.137032901747
VALIDATION,P003,BUILDING_ROAD,SCALE,COVERAGE_80,WEIGHTED_PEARSON_R,1km,5km,0.533084964414,0.771926440907,0.238841476493,0.238841476493
VALIDATION,P003,BUILDING_ROAD,COVERAGE,1km,SPEARMAN_RHO,ALL,COVERAGE_80,0.614864437249,0.574007885876,-0.040856551373,0.040856551373
VALIDATION,P003,BUILDING_ROAD,COVERAGE,1km,WEIGHTED_PEARSON_R,ALL,COVERAGE_80,0.545177250495,0.533084964414,-0.012092286081,0.012092286081
VALIDATION,P003,BUILDING_ROAD,COVERAGE,5km,SPEARMAN_RHO,ALL,COVERAGE_80,0.757810086527,0.711040787623,-0.046769298904,0.046769298904
VALIDATION,P003,BUILDING_ROAD,COVERAGE,5km,WEIGHTED_PEARSON_R,ALL,COVERAGE_80,0.784925940546,0.771926440907,-0.012999499639,0.012999499639
VALIDATION,P003,BUILDING_ROAD,METRIC,1km|ALL,SPEARMAN_VS_WEIGHTED_PEARSON,SPEARMAN_RHO,WEIGHTED_PEARSON_R,0.614864437249,0.545177250495,-0.069687186754,0.069687186754
VALIDATION,P003,BUILDING_ROAD,METRIC,1km|COVERAGE_80,SPEARMAN_VS_WEIGHTED_PEARSON,SPEARMAN_RHO,WEIGHTED_PEARSON_R,0.574007885876,0.533084964414,-0.040922921462,0.040922921462
VALIDATION,P003,BUILDING_ROAD,METRIC,5km|ALL,SPEARMAN_VS_WEIGHTED_PEARSON,SPEARMAN_RHO,WEIGHTED_PEARSON_R,0.757810086527,0.784925940546,0.027115854019,0.027115854019
VALIDATION,P003,BUILDING_ROAD,METRIC,5km|COVERAGE_80,SPEARMAN_VS_WEIGHTED_PEARSON,SPEARMAN_RHO,WEIGHTED_PEARSON_R,0.711040787623,0.771926440907,0.060885653284,0.060885653284
VALIDATION,P003,BUILDING_HEIGHT,SCALE,ALL,SPEARMAN_RHO,1km,5km,0.65220320208,0.586856247201,-0.065346954879,0.065346954879
VALIDATION,P003,BUILDING_HEIGHT,SCALE,ALL,WEIGHTED_PEARSON_R,1km,5km,0.34512662224,0.624071314576,0.278944692336,0.278944692336
VALIDATION,P003,BUILDING_HEIGHT,SCALE,COVERAGE_80,SPEARMAN_RHO,1km,5km,0.627870362746,0.457618377872,-0.170251984874,0.170251984874
VALIDATION,P003,BUILDING_HEIGHT,SCALE,COVERAGE_80,WEIGHTED_PEARSON_R,1km,5km,0.346410043017,0.623192609824,0.276782566807,0.276782566807
VALIDATION,P003,BUILDING_HEIGHT,COVERAGE,1km,SPEARMAN_RHO,ALL,COVERAGE_80,0.65220320208,0.627870362746,-0.024332839334,0.024332839334
VALIDATION,P003,BUILDING_HEIGHT,COVERAGE,1km,WEIGHTED_PEARSON_R,ALL,COVERAGE_80,0.34512662224,0.346410043017,0.001283420777,0.001283420777
VALIDATION,P003,BUILDING_HEIGHT,COVERAGE,5km,SPEARMAN_RHO,ALL,COVERAGE_80,0.586856247201,0.457618377872,-0.129237869329,0.129237869329
VALIDATION,P003,BUILDING_HEIGHT,COVERAGE,5km,WEIGHTED_PEARSON_R,ALL,COVERAGE_80,0.624071314576,0.623192609824,-0.000878704752,0.000878704752
VALIDATION,P003,BUILDING_HEIGHT,METRIC,1km|ALL,SPEARMAN_VS_WEIGHTED_PEARSON,SPEARMAN_RHO,WEIGHTED_PEARSON_R,0.65220320208,0.34512662224,-0.30707657984,0.30707657984
VALIDATION,P003,BUILDING_HEIGHT,METRIC,1km|COVERAGE_80,SPEARMAN_VS_WEIGHTED_PEARSON,SPEARMAN_RHO,WEIGHTED_PEARSON_R,0.627870362746,0.346410043017,-0.281460319729,0.281460319729
VALIDATION,P003,BUILDING_HEIGHT,METRIC,5km|ALL,SPEARMAN_VS_WEIGHTED_PEARSON,SPEARMAN_RHO,WEIGHTED_PEARSON_R,0.586856247201,0.624071314576,0.037215067375,0.037215067375
VALIDATION,P003,BUILDING_HEIGHT,METRIC,5km|COVERAGE_80,SPEARMAN_VS_WEIGHTED_PEARSON,SPEARMAN_RHO,WEIGHTED_PEARSON_R,0.457618377872,0.623192609824,0.165574231952,0.165574231952
VALIDATION,P003,ROAD_HEIGHT,SCALE,ALL,SPEARMAN_RHO,1km,5km,0.518038844168,0.596134458203,0.078095614035,0.078095614035
VALIDATION,P003,ROAD_HEIGHT,SCALE,ALL,WEIGHTED_PEARSON_R,1km,5km,0.589883161873,0.838598315421,0.248715153548,0.248715153548
VALIDATION,P003,ROAD_HEIGHT,SCALE,COVERAGE_80,SPEARMAN_RHO,1km,5km,0.512842413919,0.54256915143,0.029726737511,0.029726737511
VALIDATION,P003,ROAD_HEIGHT,SCALE,COVERAGE_80,WEIGHTED_PEARSON_R,1km,5km,0.596370407915,0.857873490755,0.26150308284,0.26150308284
VALIDATION,P003,ROAD_HEIGHT,COVERAGE,1km,SPEARMAN_RHO,ALL,COVERAGE_80,0.518038844168,0.512842413919,-0.005196430249,0.005196430249
VALIDATION,P003,ROAD_HEIGHT,COVERAGE,1km,WEIGHTED_PEARSON_R,ALL,COVERAGE_80,0.589883161873,0.596370407915,0.006487246042,0.006487246042
VALIDATION,P003,ROAD_HEIGHT,COVERAGE,5km,SPEARMAN_RHO,ALL,COVERAGE_80,0.596134458203,0.54256915143,-0.053565306773,0.053565306773
VALIDATION,P003,ROAD_HEIGHT,COVERAGE,5km,WEIGHTED_PEARSON_R,ALL,COVERAGE_80,0.838598315421,0.857873490755,0.019275175334,0.019275175334
VALIDATION,P003,ROAD_HEIGHT,METRIC,1km|ALL,SPEARMAN_VS_WEIGHTED_PEARSON,SPEARMAN_RHO,WEIGHTED_PEARSON_R,0.518038844168,0.589883161873,0.071844317705,0.071844317705
VALIDATION,P003,ROAD_HEIGHT,METRIC,1km|COVERAGE_80,SPEARMAN_VS_WEIGHTED_PEARSON,SPEARMAN_RHO,WEIGHTED_PEARSON_R,0.512842413919,0.596370407915,0.083527993996,0.083527993996
VALIDATION,P003,ROAD_HEIGHT,METRIC,5km|ALL,SPEARMAN_VS_WEIGHTED_PEARSON,SPEARMAN_RHO,WEIGHTED_PEARSON_R,0.596134458203,0.838598315421,0.242463857218,0.242463857218
VALIDATION,P003,ROAD_HEIGHT,METRIC,5km|COVERAGE_80,SPEARMAN_VS_WEIGHTED_PEARSON,SPEARMAN_RHO,WEIGHTED_PEARSON_R,0.54256915143,0.857873490755,0.315304339325,0.315304339325
VALIDATION,P005,BUILDING_ROAD,SCALE,ALL,SPEARMAN_RHO,1km,5km,0.649927080278,0.727080205595,0.077153125317,0.077153125317
VALIDATION,P005,BUILDING_ROAD,SCALE,ALL,WEIGHTED_PEARSON_R,1km,5km,0.547132668213,0.703876238488,0.156743570275,0.156743570275
VALIDATION,P005,BUILDING_ROAD,SCALE,COVERAGE_80,SPEARMAN_RHO,1km,5km,0.647259657394,0.579735894358,-0.067523763036,0.067523763036
VALIDATION,P005,BUILDING_ROAD,SCALE,COVERAGE_80,WEIGHTED_PEARSON_R,1km,5km,0.539758445843,0.585475348389,0.045716902546,0.045716902546
VALIDATION,P005,BUILDING_ROAD,COVERAGE,1km,SPEARMAN_RHO,ALL,COVERAGE_80,0.649927080278,0.647259657394,-0.002667422884,0.002667422884
VALIDATION,P005,BUILDING_ROAD,COVERAGE,1km,WEIGHTED_PEARSON_R,ALL,COVERAGE_80,0.547132668213,0.539758445843,-0.00737422237,0.00737422237
VALIDATION,P005,BUILDING_ROAD,COVERAGE,5km,SPEARMAN_RHO,ALL,COVERAGE_80,0.727080205595,0.579735894358,-0.147344311237,0.147344311237
VALIDATION,P005,BUILDING_ROAD,COVERAGE,5km,WEIGHTED_PEARSON_R,ALL,COVERAGE_80,0.703876238488,0.585475348389,-0.118400890099,0.118400890099
VALIDATION,P005,BUILDING_ROAD,METRIC,1km|ALL,SPEARMAN_VS_WEIGHTED_PEARSON,SPEARMAN_RHO,WEIGHTED_PEARSON_R,0.649927080278,0.547132668213,-0.102794412065,0.102794412065
VALIDATION,P005,BUILDING_ROAD,METRIC,1km|COVERAGE_80,SPEARMAN_VS_WEIGHTED_PEARSON,SPEARMAN_RHO,WEIGHTED_PEARSON_R,0.647259657394,0.539758445843,-0.107501211551,0.107501211551
VALIDATION,P005,BUILDING_ROAD,METRIC,5km|ALL,SPEARMAN_VS_WEIGHTED_PEARSON,SPEARMAN_RHO,WEIGHTED_PEARSON_R,0.727080205595,0.703876238488,-0.023203967107,0.023203967107
VALIDATION,P005,BUILDING_ROAD,METRIC,5km|COVERAGE_80,SPEARMAN_VS_WEIGHTED_PEARSON,SPEARMAN_RHO,WEIGHTED_PEARSON_R,0.579735894358,0.585475348389,0.005739454031,0.005739454031
VALIDATION,P005,BUILDING_HEIGHT,SCALE,ALL,SPEARMAN_RHO,1km,5km,0.664392705555,0.729863099921,0.065470394366,0.065470394366
VALIDATION,P005,BUILDING_HEIGHT,SCALE,ALL,WEIGHTED_PEARSON_R,1km,5km,0.289235464711,0.514513108051,0.22527764334,0.22527764334
VALIDATION,P005,BUILDING_HEIGHT,SCALE,COVERAGE_80,SPEARMAN_RHO,1km,5km,0.629903586713,0.450276110444,-0.179627476269,0.179627476269
VALIDATION,P005,BUILDING_HEIGHT,SCALE,COVERAGE_80,WEIGHTED_PEARSON_R,1km,5km,0.28168641458,0.427612307952,0.145925893372,0.145925893372
VALIDATION,P005,BUILDING_HEIGHT,COVERAGE,1km,SPEARMAN_RHO,ALL,COVERAGE_80,0.664392705555,0.629903586713,-0.034489118842,0.034489118842
VALIDATION,P005,BUILDING_HEIGHT,COVERAGE,1km,WEIGHTED_PEARSON_R,ALL,COVERAGE_80,0.289235464711,0.28168641458,-0.007549050131,0.007549050131
VALIDATION,P005,BUILDING_HEIGHT,COVERAGE,5km,SPEARMAN_RHO,ALL,COVERAGE_80,0.729863099921,0.450276110444,-0.279586989477,0.279586989477
VALIDATION,P005,BUILDING_HEIGHT,COVERAGE,5km,WEIGHTED_PEARSON_R,ALL,COVERAGE_80,0.514513108051,0.427612307952,-0.086900800099,0.086900800099
VALIDATION,P005,BUILDING_HEIGHT,METRIC,1km|ALL,SPEARMAN_VS_WEIGHTED_PEARSON,SPEARMAN_RHO,WEIGHTED_PEARSON_R,0.664392705555,0.289235464711,-0.375157240844,0.375157240844
VALIDATION,P005,BUILDING_HEIGHT,METRIC,1km|COVERAGE_80,SPEARMAN_VS_WEIGHTED_PEARSON,SPEARMAN_RHO,WEIGHTED_PEARSON_R,0.629903586713,0.28168641458,-0.348217172133,0.348217172133
VALIDATION,P005,BUILDING_HEIGHT,METRIC,5km|ALL,SPEARMAN_VS_WEIGHTED_PEARSON,SPEARMAN_RHO,WEIGHTED_PEARSON_R,0.729863099921,0.514513108051,-0.21534999187,0.21534999187
VALIDATION,P005,BUILDING_HEIGHT,METRIC,5km|COVERAGE_80,SPEARMAN_VS_WEIGHTED_PEARSON,SPEARMAN_RHO,WEIGHTED_PEARSON_R,0.450276110444,0.427612307952,-0.022663802492,0.022663802492
VALIDATION,P005,ROAD_HEIGHT,SCALE,ALL,SPEARMAN_RHO,1km,5km,0.534311582301,0.554372934697,0.020061352396,0.020061352396
VALIDATION,P005,ROAD_HEIGHT,SCALE,ALL,WEIGHTED_PEARSON_R,1km,5km,0.415901139199,0.704233818032,0.288332678833,0.288332678833
VALIDATION,P005,ROAD_HEIGHT,SCALE,COVERAGE_80,SPEARMAN_RHO,1km,5km,0.53260379092,0.628235294118,0.095631503198,0.095631503198
VALIDATION,P005,ROAD_HEIGHT,SCALE,COVERAGE_80,WEIGHTED_PEARSON_R,1km,5km,0.410293166433,0.674336545583,0.26404337915,0.26404337915
VALIDATION,P005,ROAD_HEIGHT,COVERAGE,1km,SPEARMAN_RHO,ALL,COVERAGE_80,0.534311582301,0.53260379092,-0.001707791381,0.001707791381
VALIDATION,P005,ROAD_HEIGHT,COVERAGE,1km,WEIGHTED_PEARSON_R,ALL,COVERAGE_80,0.415901139199,0.410293166433,-0.005607972766,0.005607972766
VALIDATION,P005,ROAD_HEIGHT,COVERAGE,5km,SPEARMAN_RHO,ALL,COVERAGE_80,0.554372934697,0.628235294118,0.073862359421,0.073862359421
VALIDATION,P005,ROAD_HEIGHT,COVERAGE,5km,WEIGHTED_PEARSON_R,ALL,COVERAGE_80,0.704233818032,0.674336545583,-0.029897272449,0.029897272449
VALIDATION,P005,ROAD_HEIGHT,METRIC,1km|ALL,SPEARMAN_VS_WEIGHTED_PEARSON,SPEARMAN_RHO,WEIGHTED_PEARSON_R,0.534311582301,0.415901139199,-0.118410443102,0.118410443102
VALIDATION,P005,ROAD_HEIGHT,METRIC,1km|COVERAGE_80,SPEARMAN_VS_WEIGHTED_PEARSON,SPEARMAN_RHO,WEIGHTED_PEARSON_R,0.53260379092,0.410293166433,-0.122310624487,0.122310624487
VALIDATION,P005,ROAD_HEIGHT,METRIC,5km|ALL,SPEARMAN_VS_WEIGHTED_PEARSON,SPEARMAN_RHO,WEIGHTED_PEARSON_R,0.554372934697,0.704233818032,0.149860883335,0.149860883335
VALIDATION,P005,ROAD_HEIGHT,METRIC,5km|COVERAGE_80,SPEARMAN_VS_WEIGHTED_PEARSON,SPEARMAN_RHO,WEIGHTED_PEARSON_R,0.628235294118,0.674336545583,0.046101251465,0.046101251465
