relationship,scale,selection,metric,exploration_range,validation_range
BUILDING_ROAD,1km,ALL,SPEARMAN_RHO,0.117807134916,0.224340243108
BUILDING_ROAD,1km,ALL,WEIGHTED_PEARSON_R,0.0538877955436,0.148463918407
BUILDING_ROAD,1km,COVERAGE_80,SPEARMAN_RHO,0.099176175779,0.235173706974
BUILDING_ROAD,1km,COVERAGE_80,WEIGHTED_PEARSON_R,0.0447462262798,0.14716994022
BUILDING_ROAD,5km,ALL,SPEARMAN_RHO,0.190080152782,0.276272010724
BUILDING_ROAD,5km,ALL,WEIGHTED_PEARSON_R,0.0794411831602,0.173863607138
BUILDING_ROAD,5km,COVERAGE_80,SPEARMAN_RHO,0.0946946367999,0.131304893265
BUILDING_ROAD,5km,COVERAGE_80,WEIGHTED_PEARSON_R,0.167771790522,0.186451092518
BUILDING_HEIGHT,1km,ALL,SPEARMAN_RHO,0.252453389257,0.100151227181
BUILDING_HEIGHT,1km,ALL,WEIGHTED_PEARSON_R,0.387494946305,0.055891157529
BUILDING_HEIGHT,1km,COVERAGE_80,SPEARMAN_RHO,0.260346081239,0.074570932206
BUILDING_HEIGHT,1km,COVERAGE_80,WEIGHTED_PEARSON_R,0.38103308059,0.064723628437
BUILDING_HEIGHT,5km,ALL,SPEARMAN_RHO,0.283498653884,0.14300685272
BUILDING_HEIGHT,5km,ALL,WEIGHTED_PEARSON_R,0.487039424041,0.160051263741
BUILDING_HEIGHT,5km,COVERAGE_80,SPEARMAN_RHO,0.389141414141,0.18492625986
BUILDING_HEIGHT,5km,COVERAGE_80,WEIGHTED_PEARSON_R,0.545435666146,0.22224010186
ROAD_HEIGHT,1km,ALL,SPEARMAN_RHO,0.139870024543,0.016795926261
ROAD_HEIGHT,1km,ALL,WEIGHTED_PEARSON_R,0.0449513142008,0.173982022674
ROAD_HEIGHT,1km,COVERAGE_80,SPEARMAN_RHO,0.0909154791538,0.019761377001
ROAD_HEIGHT,1km,COVERAGE_80,WEIGHTED_PEARSON_R,0.0505191960208,0.186077241482
ROAD_HEIGHT,5km,ALL,SPEARMAN_RHO,0.259812617391,0.116935446576
ROAD_HEIGHT,5km,ALL,WEIGHTED_PEARSON_R,0.016074002977,0.134364497389
ROAD_HEIGHT,5km,COVERAGE_80,SPEARMAN_RHO,0.0474946461789,0.166900884348
ROAD_HEIGHT,5km,COVERAGE_80,WEIGHTED_PEARSON_R,0.0766003262759,0.183536945172
