relative_path,size_bytes,sha256,role,frozen_or_generated,required_for_reproduction
CITATION.cff,1811,044E8FD5B08C869D1C093588801800207AEA3E35E2596D9A1A06C7229AB64FB3,package_metadata,authored,no
config/expected_hashes.json,8214,1369225921FA6B44FEDCB8D2799F21BB5D4D0B3FE513476AB16821A78C32A4DD,reproduction_configuration,authored,yes
config/expected_outputs.json,13818,B309430EED831274C030E80457132E7A926F6B5290594199512B384B888C9FBC,reproduction_configuration,authored,yes
config/frozen_analysis_config.json,3948,477092EB24F159C7ABC7E962EF5BCE2B1C05AA7C601B8A54FDBDB97E14F48AB1,reproduction_configuration,authored,yes
config/WP-MORPH-05C_FREEZE_RECORD.txt,1412,299C11980737EAD0ED1126E3CF9C20D2CB61660FAA9A30EAB4CC7F6B7D29914E,frozen_method_contract_document,frozen,no
config/WP-MORPH-05C_METHOD_CONTRACT_V1.md,13895,936A3FB27990A2F1BEBFD976333E89B216086E4B9550B18B6454D8A47C2133D3,frozen_method_contract_document,frozen,no
data/external_sources/README.md,6140,FD7F792C57961B5FA437D0F9162ED7CB782E5889B1B9834621D42E8BF0A09E91,upstream_source_documentation,authored,no
data/frozen_inputs/exploration/manifest.json,1895,19172709097F2BCE406A37BB7E46B62B74D868494993080E38D6601E04322EF3,frozen_analytical_input,frozen,yes
data/frozen_inputs/exploration/pairwise_relations.csv,7059,34AD797084524C5FC471877B4A8B7011B54FAAECF0DA58ECCF07D9655C922920,frozen_analytical_input,frozen,yes
data/frozen_inputs/exploration/qc_summary.json,2309,462A26477CE094052CEA5BAEC065D95FA4967A0B659B587DBA9FD71D1B43FC36,frozen_analytical_input,frozen,yes
data/frozen_inputs/synthesis/01_directional_concordance.csv,332,6DF36B770F23A2F49445156B5F7D881AECEF6B2B48239856F96098DBAC48EFC2,frozen_analytical_input,frozen,yes
data/frozen_inputs/synthesis/02_exploration_validation_magnitude_summary.csv,6487,648F7B5412DA4DEC94C22D41A71E0CA194444E838B54C50E447CB2E318FBD98C,frozen_analytical_input,frozen,yes
data/frozen_inputs/synthesis/03_scale_coverage_metric_sensitivity.csv,31844,8012B2B3CAD38E4AAA19A9DA91E49F362A77BC023646AFBCE5BDC6402A0CD082,frozen_analytical_input,frozen,yes
data/frozen_inputs/synthesis/04_relationship_robustness_profile.csv,1168,6ED93EF7528BE61924E1421E26BD77A83ECE54C3DFF4A6C41536B42AA2D7A494,frozen_analytical_input,frozen,yes
data/frozen_inputs/synthesis/manifest.json,5497,4D698A85EA21EA2A8CD7E3697282B6EB67F1310EC7E19E0E5CAD55054A7968B4,frozen_analytical_input,frozen,yes
data/frozen_inputs/synthesis/method_contract.json,865,09CF4CD8D1D5D7F4557FF953ECFF90B62C6EC1707B5452FBBD3653EC168AFA02,frozen_analytical_input,frozen,yes
data/frozen_inputs/synthesis/qc_summary.json,1595,1D7A140497B6ABF9A02D07CA170BDF71F637A7593647CC6661D27BE33C6FDF43,frozen_analytical_input,frozen,yes
data/frozen_inputs/validation/manifest.json,2508,61BE71844EBD1BEB762FD3BF3954DB7DFC6371D9F8C772464FAF16BFB32FB7CE,frozen_analytical_input,frozen,yes
data/frozen_inputs/validation/method_freeze.json,3028,33DCC855C2C8F117D129A73EEBCF5E1B1361E5A05877BB32D1BB39A644098AA9,frozen_analytical_input,frozen,yes
data/frozen_inputs/validation/qc_summary.json,1767,8A0B398B4CCA02DFFEB291D70C02007E70CCBFAEE7D337A337800DBE3C3EC348,frozen_analytical_input,frozen,yes
data/frozen_inputs/validation/validation_correlations.csv,7380,B0A2CCCB5B42DAEED12B51CDC129F681FC05946B3C42A11065E97CC10E35E75B,frozen_analytical_input,frozen,yes
data/frozen_inputs/validation/validation_direction_checks.csv,4794,15E31E50CAAB5F6A786209BBBB8C1249EB4AB8F39E00601038046946CEE880E3,frozen_analytical_input,frozen,yes
data/frozen_inputs/validation/validation_hypothesis_summary.csv,809,9CB157A722913EBD88ED7D3103E38DBE704BCA816338613944C92D3ABCCEF7C5,frozen_analytical_input,frozen,yes
data/frozen_inputs/validation/validation_summary_by_city.csv,948,2280D081A347AC1053872A2C167940E37DA4471E2B2D3326A7734FC53AD92B1F,frozen_analytical_input,frozen,yes
data/validation_windows/aggregation_contract.json,1273,25D813627E5628BD49105F425CE701033D9BC558711DD22D9DF1A9F0D01041DB,frozen_validation_window_input,frozen,level_b_optional
data/validation_windows/aggregation_qc.json,2794,9D58988D289DCD55341304CC95E792C4319C7764C2FA98A476CD60889EA802C2,frozen_validation_window_input,frozen,level_b_optional
data/validation_windows/base_grid_qc.json,1649,C8D2BE50A7BEC726EAFE9215A2076841C2E722CF92EAD2EA1D372502DAC96F71,frozen_validation_window_input,frozen,level_b_optional
data/validation_windows/manifest.json,1917,4A6123159C28E8FF17803C76A9B6FB2D0541EE44AA0B6429EE525630969C9C1A,frozen_validation_window_input,frozen,level_b_optional
data/validation_windows/qc_summary.json,790,ABAEA56C7806F4B7874C96FE07DF437C55C8362536CD52C16222BB14F6B79EE3,frozen_validation_window_input,frozen,level_b_optional
data/validation_windows/validation_aggregation_freeze.json,591,37D20E3586AE3BFA8A494B2122DBA4B597F507D2B6930FDF93FC7E1EDC60A059,frozen_validation_window_input,frozen,level_b_optional
data/validation_windows/validation_source_identity.csv,1306,69B86B0B89516C9E74F8C6A19CC79BE92B219ECAAF19B15A8C82325BEAF38EED,frozen_validation_window_input,frozen,level_b_optional
data/validation_windows/validation_windows_1km.csv,1540296,957E03C91EA6901B6BE65E390F3A476B272054BDA11A7880F96281EC0FD51FA3,frozen_validation_window_input,frozen,level_b_optional
data/validation_windows/validation_windows_5km.csv,91281,4500A832DA4596C849303919DC5189E1503621481B2627DC7FB6B1064D68E878,frozen_validation_window_input,frozen,level_b_optional
data/validation_windows/window_counts.csv,348,581BA69121F22EB292B9673F946B7E2CF3560520542724323CB4AF5F238416FA,frozen_validation_window_input,frozen,level_b_optional
DATA_DICTIONARY.md,10879,35BDB4659FA627E1B8F6AA3BC121B5EDCEAB64525C00C6443C682117F44EFBBB,documentation,authored,no
DETERMINISM_VERIFICATION.md,13406,95E6CC27175BCDE82827348DB1F98F7BCBD2B8C36704A9FF9073A10645CB5DF1,other,authored,no
environment.yml,450,37D8DDB99013DBE4E68DD40290D709FA7CF1CD8A5C6F3B50CFB0BB4DCC8273FE,environment_definition,authored,yes
LICENSE.md,6244,D19C45D70CBC4F6260730FBB980047583FA0CAFCBEE162890D3CD8705EEA398B,package_metadata,authored,no
manuscript_mapping/figure_source_map.csv,2486,5A499E229DC5C440FD45230671A62E5390F6F311319959716AEB564EAA1863FB,manuscript_traceability,generated,no
manuscript_mapping/manuscript_result_map.csv,17487,D033CBE7184F978E6E3A91643B2400A70498F1DE2DAAD92B783ABB38E61FC323,manuscript_traceability,generated,no
METHODS_MAPPING.md,5666,84CF8ED0BAFDDDF5F9BE82590959B8BF7A92B0099E2254074554560BD89D5EE1,documentation,authored,no
original_frozen_scripts/README.md,2624,285E59CDBF91583330C9F81B3779E62A0277212C7E281328782EBEA8C01240E4,historical_provenance_script,frozen,no
original_frozen_scripts/run_wp_morph03.py,34038,06160D33D307BE7698C97419A77A60B8DD5DF2C863AC106EC84E24CDBB3F728F,historical_provenance_script,frozen,no
original_frozen_scripts/run_wp_morph04h.py,54576,29D07025007CD0826BA633048EB195275FEBDB6DF3B2B6A38B62E8762724D36E,historical_provenance_script,frozen,no
original_frozen_scripts/run_wp_morph05a.py,52551,5B8255E3C5BA1EDA5904A6D227C61788CE0536F65BB453E551874AECCBCB5806,historical_provenance_script,frozen,no
original_frozen_scripts/run_wp_morph05b.py,64112,78E955CCAAA819826C44CEE9E5971B32374DCC9C93559D927F13A1ED9B017A54,historical_provenance_script,frozen,no
original_frozen_scripts/run_wp_morph05c_input_preflight_v1.py,18891,EFAA84ADD32BC27921A2E5A7296B5DD4186D2009588F38939A6D86DB2DDBEC29,historical_provenance_script,frozen,no
original_frozen_scripts/run_wp_morph05c_synthesis_v1.py,34558,EA6A883787587A715486B2181ACFB518942003207A38A6CE8E660ED72DB51EDB,historical_provenance_script,frozen,no
original_frozen_scripts/run_wp_morph05d_figures_v1.py,57356,3AC43986484D37658092E163605349911F907F478D37384CC6CFBEDD9930A4CF,historical_provenance_script,frozen,no
outputs_expected/figures/Fig_main_1_direction_magnitude.pdf,52917,78911D6A19C1B5FEE48F6124C53E6074E5DEF12956D457DEEC1F2E8BFC3C9F89,expected_reference_output,frozen,no
outputs_expected/figures/Fig_main_1_direction_magnitude.png,874711,BC812AF4F911A259A55DA0B037216632597C6DAFD3466511D33D72713D1934E6,expected_reference_output,frozen,no
outputs_expected/figures/Fig_main_1_direction_magnitude.svg,88354,8D5D8B3E5EEDC5832CB01A19EF096F0F21BF3A127DA70730115321EF45519E74,expected_reference_output,frozen,no
outputs_expected/figures/Fig_main_2_robustness_structure.pdf,45383,8CC1CB63464F9848997B0D4FD86E7C3F09707324946C59C6D770A801B88BAC56,expected_reference_output,frozen,no
outputs_expected/figures/Fig_main_2_robustness_structure.png,224004,19650A1F33DC276C76B9ADDEA7DD8A22A14E00BDFD511FFC731C29BC5E59CE39,expected_reference_output,frozen,no
outputs_expected/figures/Fig_main_2_robustness_structure.svg,36245,75848FE05E4ABABB81B3DA92FD4C00D277E1732CA6C705D7E3A7C59858101893,expected_reference_output,frozen,no
outputs_expected/figures/Fig_S1_city_level_sensitivity.pdf,112948,7A9BE074926739EBDD3F06783B42E573393688BF43AF15CC72E9ABB31825F0FC,expected_reference_output,frozen,no
outputs_expected/figures/Fig_S1_city_level_sensitivity.png,971709,4174BE0F77764F9430E0929C1B9F7AC59421FCEA3AA7F6093C1DE3F5BC9354B4,expected_reference_output,frozen,no
outputs_expected/figures/Fig_S1_city_level_sensitivity.svg,147454,F8AD3E87E0478887187F2146C55F878AB096C15BF9EB44085A478043254E3880,expected_reference_output,frozen,no
outputs_expected/figures/Fig_S2_cross_city_dispersion.pdf,48063,D1DA00CEDDBDE9238B45EB5FB5B230D489E1372E7D69FDB839B87F405B45BEAE,expected_reference_output,frozen,no
outputs_expected/figures/Fig_S2_cross_city_dispersion.png,762172,CA2D531BBAE3E6046DB4887E51545DBBE6A653DFD0B89BA3CB62A8F640C6DD89,expected_reference_output,frozen,no
outputs_expected/figures/Fig_S2_cross_city_dispersion.svg,49753,DE256FB13A7B03F9963304034D47EF1544525DF63CFB86D66EDB5158AF96CD90,expected_reference_output,frozen,no
outputs_expected/figures/figure_captions.md,6456,B87DDCFC1CDC857F67DAB65F99AB1C57E02E93480765C48C5632504148AE198E,expected_reference_output,frozen,no
outputs_expected/figures/figure_data_audit.json,8313,16408D1BD7C720C22986C4A9E5AAE1ABFAD6C13B9692F4A854A6CD202A820E3F,expected_reference_output,frozen,no
outputs_expected/figures/figure_qc.json,6511,A04F95ECF6166B12C01CDC4317BE8BEBC1AE1CF215811A2EC9B98CEF2A1B4E1B,expected_reference_output,frozen,no
outputs_expected/qc/wp05b_qc_summary.json,1767,8A0B398B4CCA02DFFEB291D70C02007E70CCBFAEE7D337A337800DBE3C3EC348,expected_reference_output,frozen,no
outputs_expected/qc/wp05c_qc_summary.json,1595,1D7A140497B6ABF9A02D07CA170BDF71F637A7593647CC6661D27BE33C6FDF43,expected_reference_output,frozen,no
outputs_expected/tables/01_directional_concordance.csv,332,6DF36B770F23A2F49445156B5F7D881AECEF6B2B48239856F96098DBAC48EFC2,expected_reference_output,frozen,no
outputs_expected/tables/02_exploration_validation_magnitude_summary.csv,6487,648F7B5412DA4DEC94C22D41A71E0CA194444E838B54C50E447CB2E318FBD98C,expected_reference_output,frozen,no
outputs_expected/tables/03_scale_coverage_metric_sensitivity.csv,31844,8012B2B3CAD38E4AAA19A9DA91E49F362A77BC023646AFBCE5BDC6402A0CD082,expected_reference_output,frozen,no
outputs_expected/tables/04_relationship_robustness_profile.csv,1168,6ED93EF7528BE61924E1421E26BD77A83ECE54C3DFF4A6C41536B42AA2D7A494,expected_reference_output,frozen,no
pyproject.toml,942,6120EEA6098C41D78B536138F7EAADC470B3524D3470F17B4F6D760719684360,project_metadata,authored,no
README.md,11201,1CABA8DA062075AC9D30477D06D5DBAE57CBFE3BB25E85BD0D0668DBBDBD913A,documentation,authored,no
REPRODUCIBILITY.md,13259,46E3AE41CA71D49938B41D6C25ECB9231F7127809A1343508A0871A98189C03C,documentation,authored,no
requirements-lock.txt,1093,FD139753700E4F93FBAE35B5912F796D6F0974B3829A271875D7776997BEDC9A,dependency_lock,authored,yes
run_all.bat,684,D3932AA86ADFB4B62EE7BF998D319C8C0A5A62AA5FE614355959F3CC8E2DAF52,convenience_launcher,authored,no
run_all.ps1,1004,1BB12B5FB0DD55FBD49C58E2C0CF3682F4639E2F6A87852ADC96001ADE3C40D0,convenience_launcher,authored,no
run_all.py,18834,8B06763CFF9B6EABCF4BE4A5DEA41BE7FCDE7400580CAADFFC6B0A3BF32EFE2D,one_command_entry_point,authored,yes
scripts/00_preflight.py,5045,61583DF507EE378F9955C4E2FA8BC75CC2F6051C476BBBA17B76EB435FFBED9B,reproduction_script,authored,yes
scripts/01_reproduce_validation.py,4190,B1B7B48E80694BC957BC33D5AF010431F4A832FBF4EFEAFF0B835B3B8ABBFFC1,reproduction_script,authored,yes
scripts/02_reproduce_synthesis.py,4020,6A0D00CC796606AB6E4E31EC0FC795065613BCA676F20D80594796E07FB48FE3,reproduction_script,authored,yes
scripts/03_make_main_figures.py,3122,7B2FE82B959BB671AC66107846E2A08E7059A7001689EEA3775E0D0430906E11,reproduction_script,authored,yes
scripts/04_make_supplementary_figures.py,6458,435240D2DDA544A61F4C00DC4FC7ECDA5B4AE7B147DA09D8336DCEC17427AF5D,reproduction_script,authored,yes
scripts/05_make_source_tables.py,5067,27583E40B206CB2F69C48F478D7F421AA056BBFEE81478D4E99E62386643C976,reproduction_script,authored,yes
scripts/06_verify_manuscript_numbers.py,31230,BDB30975B946D96A24171A8F86016FF77713F79E1335AF721D3048E01777DB25,reproduction_script,authored,yes
scripts/utils/__init__.py,958,E5FEEE5298F97FBBE7B17CF3BC31BD5AF6DC56C6430859ADB091EB06014D5092,reproduction_script,authored,yes
scripts/utils/build_manifest.py,5694,73D8BD5D92259D3FA80C0FA63E9E29B0921B175739484C9EB71A9D6742475C8C,reproduction_script,authored,yes
scripts/utils/hashing.py,913,F970E1F42446EA3E8AFC5109C15F64AC8013C563C74557069845D09FE414E8EB,reproduction_script,authored,yes
scripts/utils/paths.py,2451,311D8F4CC6864AD54B874AA2AEA3364379E24AA8D221E42943D5E09F06A1EBE7,reproduction_script,authored,yes
scripts/utils/reporting.py,698,3976E122A590C4BE636D872E689159307EDEF00107AA106E1350B4E3CE8499A4,reproduction_script,authored,yes
scripts/utils/tables.py,3479,CBE12572E736A1CDC90B5F33D08ED871B9928BA7A6CD7EE8104B3965F3BC97A1,reproduction_script,authored,yes
scripts/utils/verify_manifest.py,4417,67B18B59C89C7348F6B6B40744F800E3A37BE077F5633CF3F7915715F0726E4B,reproduction_script,authored,yes
scripts/utils/wp05b_engine.py,19801,A23886F801161AD7B2998EE84FE9230B70442F4F88907F3540B2827650959F64,reproduction_script,authored,yes
scripts/utils/wp05c_engine.py,24190,C6CB70580C6F481A3503B0A67A505B14FD544F89B70BD4D492F15C6AF1190062,reproduction_script,authored,yes
scripts/utils/wp05d_figure_engine.py,58203,5FC0A468A17548706505EC33C008B8C3B3424808CBDBC721578833DA69D25F5E,reproduction_script,authored,yes
tests/conftest.py,1246,2BFA7248FC6D02A90783BAA109C1E66FA65958A7AC0F1D96DC623C548D38685A,reproduction_test,authored,yes
tests/test_city_metadata.py,3117,487AC42BE4E2339D18E3203D090236202C7C2E1857FA8D512128E5B1BBC249DB,reproduction_test,authored,yes
tests/test_cross_platform_csv.py,4479,CCEB4A06EAF9E76E1AD442074B16D3738CF0D59B0FAF7372562CD2F9376F6C2D,reproduction_test,authored,yes
tests/test_distribution_manifest.py,2579,9C812B9FCC78BA273CD77497478867020388A7EA1FB84E648C96C8393274A126,reproduction_test,authored,yes
tests/test_figure_data.py,4767,F0BEEA3AEC20C2C69102E46607D629E2243E5806CF809BC67B461BE943F6A274,reproduction_test,authored,yes
tests/test_input_identity.py,3092,72FBFAB237659075751672ED5D801421B13FA41022AFEA3938980C2B6AE891C3,reproduction_test,authored,yes
tests/test_no_absolute_paths.py,1749,4952D2445BAD82F1516644EDFABFC2A81A5D8E8B00960CDB2192BB46B5B61874,reproduction_test,authored,yes
tests/test_package_immutability.py,3975,AF8343BA2895FF9ABD718481DE5F3B30E94E402A39209DADC5D3114C52CEF028,reproduction_test,authored,yes
tests/test_synthesis_results.py,5654,176A97B14481CC71A5EE64DAEE0E686E98DD543FB25C0A14CF7092DEF4763970,reproduction_test,authored,yes
tests/test_validation_results.py,2583,F4AE1CE61B24A665495559264BB8157EAC7936DB09E749EFCFE64D906ABA4A9C,reproduction_test,authored,yes
