manuscript_location,reported_claim,source_file,source_columns,filter,calculation,expected_value,reproduced_value,status
Results 3.1,36 of 36 validation conditions retained the prespecified positive direction,validation_direction_checks.csv,classification,all frozen validation conditions,count(classification == SAME_SIGN),36,36,PASS
Results 3.1,No validation condition showed a sign reversal,validation_direction_checks.csv,classification,all frozen validation conditions,count(classification == SIGN_REVERSAL),0,0,PASS
Results 3.1,No validation condition had insufficient pairwise-valid windows,validation_direction_checks.csv,classification,all frozen validation conditions,count(classification == INSUFFICIENT_WINDOWS),0,0,PASS
Results 3.1,No validation condition had an undefined coefficient combination,validation_direction_checks.csv,classification,all frozen validation conditions,count(classification == UNDEFINED),0,0,PASS
Results 3.1,BUILDING_ROAD produced 12 of 12 SAME_SIGN validation conditions,validation_direction_checks.csv,classification,pair_id == BUILDING_ROAD,count(classification == SAME_SIGN),12,12,PASS
Results 3.1,BUILDING_HEIGHT produced 12 of 12 SAME_SIGN validation conditions,validation_direction_checks.csv,classification,pair_id == BUILDING_HEIGHT,count(classification == SAME_SIGN),12,12,PASS
Results 3.1,ROAD_HEIGHT produced 12 of 12 SAME_SIGN validation conditions,validation_direction_checks.csv,classification,pair_id == ROAD_HEIGHT,count(classification == SAME_SIGN),12,12,PASS
Results 3.2,BUILDING_ROAD validation medians were lower than exploration medians in all eight scale/selection/metric combinations,02_exploration_validation_magnitude_summary.csv,median_shift,relationship == BUILDING_ROAD (8 of 24 rows),count(median_shift < 0),8,8,PASS
Results 3.2,BUILDING_ROAD smallest shift: 5 km ALL Spearman exploration median 0.734,02_exploration_validation_magnitude_summary.csv,exploration_median,relationship=BUILDING_ROAD; scale=5km; selection=ALL; metric=SPEARMAN_RHO,frozen exploration median of the three exploration cities,0.733981031691,0.733981031691,PASS
Results 3.2,BUILDING_ROAD smallest shift: 5 km ALL Spearman validation median 0.727,02_exploration_validation_magnitude_summary.csv,validation_median,relationship=BUILDING_ROAD; scale=5km; selection=ALL; metric=SPEARMAN_RHO,frozen validation median of the three validation cities,0.727080205595,0.727080205595,PASS
Results 3.2,BUILDING_ROAD largest shift: 5 km Coverage >= 80% weighted Pearson exploration median 0.749,02_exploration_validation_magnitude_summary.csv,exploration_median,relationship=BUILDING_ROAD; scale=5km; selection=COVERAGE_80; metric=WEIGHTED_PEARSON_R,frozen exploration median of the three exploration cities,0.749126522217,0.749126522217,PASS
Results 3.2,BUILDING_ROAD largest shift: 5 km Coverage >= 80% weighted Pearson validation median 0.617,02_exploration_validation_magnitude_summary.csv,validation_median,relationship=BUILDING_ROAD; scale=5km; selection=COVERAGE_80; metric=WEIGHTED_PEARSON_R,frozen validation median of the three validation cities,0.616589927411,0.616589927411,PASS
Results 3.2,BUILDING_ROAD largest median shift occurred at 5 km Coverage >= 80% weighted Pearson,02_exploration_validation_magnitude_summary.csv,absolute_median_shift,relationship == BUILDING_ROAD (8 of 24 rows),argmax(absolute_median_shift) maps to scale=5km; selection=COVERAGE_80; metric=WEIGHTED_PEARSON_R,5km/COVERAGE_80/WEIGHTED_PEARSON_R,5km/COVERAGE_80/WEIGHTED_PEARSON_R,PASS
Results 3.2,BUILDING_HEIGHT 1km ALL SPEARMAN_RHO exploration median 0.589260652412,02_exploration_validation_magnitude_summary.csv,exploration_median,relationship=BUILDING_HEIGHT; scale=1km; selection=ALL; metric=SPEARMAN_RHO,frozen exploration median of the three exploration cities,0.589260652412,0.589260652412,PASS
Results 3.2,BUILDING_HEIGHT 1km ALL SPEARMAN_RHO validation median 0.65220320208,02_exploration_validation_magnitude_summary.csv,validation_median,relationship=BUILDING_HEIGHT; scale=1km; selection=ALL; metric=SPEARMAN_RHO,frozen validation median of the three validation cities,0.65220320208,0.65220320208,PASS
Results 3.2,BUILDING_HEIGHT 1km ALL WEIGHTED_PEARSON_R exploration median 0.344714452551,02_exploration_validation_magnitude_summary.csv,exploration_median,relationship=BUILDING_HEIGHT; scale=1km; selection=ALL; metric=WEIGHTED_PEARSON_R,frozen exploration median of the three exploration cities,0.344714452551,0.344714452551,PASS
Results 3.2,BUILDING_HEIGHT 1km ALL WEIGHTED_PEARSON_R validation median 0.300487372702,02_exploration_validation_magnitude_summary.csv,validation_median,relationship=BUILDING_HEIGHT; scale=1km; selection=ALL; metric=WEIGHTED_PEARSON_R,frozen validation median of the three validation cities,0.300487372702,0.300487372702,PASS
Results 3.2,BUILDING_HEIGHT 5km ALL SPEARMAN_RHO exploration median 0.553010873099,02_exploration_validation_magnitude_summary.csv,exploration_median,relationship=BUILDING_HEIGHT; scale=5km; selection=ALL; metric=SPEARMAN_RHO,frozen exploration median of the three exploration cities,0.553010873099,0.553010873099,PASS
Results 3.2,BUILDING_HEIGHT 5km ALL SPEARMAN_RHO validation median 0.629205610731,02_exploration_validation_magnitude_summary.csv,validation_median,relationship=BUILDING_HEIGHT; scale=5km; selection=ALL; metric=SPEARMAN_RHO,frozen validation median of the three validation cities,0.629205610731,0.629205610731,PASS
Results 3.2,BUILDING_HEIGHT 5km ALL WEIGHTED_PEARSON_R exploration median 0.573628215892,02_exploration_validation_magnitude_summary.csv,exploration_median,relationship=BUILDING_HEIGHT; scale=5km; selection=ALL; metric=WEIGHTED_PEARSON_R,frozen exploration median of the three exploration cities,0.573628215892,0.573628215892,PASS
Results 3.2,BUILDING_HEIGHT 5km ALL WEIGHTED_PEARSON_R validation median 0.624071314576,02_exploration_validation_magnitude_summary.csv,validation_median,relationship=BUILDING_HEIGHT; scale=5km; selection=ALL; metric=WEIGHTED_PEARSON_R,frozen validation median of the three validation cities,0.624071314576,0.624071314576,PASS
Results 3.2,BUILDING_HEIGHT 5km COVERAGE_80 SPEARMAN_RHO exploration median 0.513294671189,02_exploration_validation_magnitude_summary.csv,exploration_median,relationship=BUILDING_HEIGHT; scale=5km; selection=COVERAGE_80; metric=SPEARMAN_RHO,frozen exploration median of the three exploration cities,0.513294671189,0.513294671189,PASS
Results 3.2,BUILDING_HEIGHT 5km COVERAGE_80 SPEARMAN_RHO validation median 0.457618377872,02_exploration_validation_magnitude_summary.csv,validation_median,relationship=BUILDING_HEIGHT; scale=5km; selection=COVERAGE_80; metric=SPEARMAN_RHO,frozen validation median of the three validation cities,0.457618377872,0.457618377872,PASS
Results 3.2,BUILDING_HEIGHT 5km COVERAGE_80 WEIGHTED_PEARSON_R exploration median 0.541014968327,02_exploration_validation_magnitude_summary.csv,exploration_median,relationship=BUILDING_HEIGHT; scale=5km; selection=COVERAGE_80; metric=WEIGHTED_PEARSON_R,frozen exploration median of the three exploration cities,0.541014968327,0.541014968327,PASS
Results 3.2,BUILDING_HEIGHT 5km COVERAGE_80 WEIGHTED_PEARSON_R validation median 0.623192609824,02_exploration_validation_magnitude_summary.csv,validation_median,relationship=BUILDING_HEIGHT; scale=5km; selection=COVERAGE_80; metric=WEIGHTED_PEARSON_R,frozen validation median of the three validation cities,0.623192609824,0.623192609824,PASS
Results 3.2,ROAD_HEIGHT 1km ALL SPEARMAN_RHO exploration median 0.651295651439,02_exploration_validation_magnitude_summary.csv,exploration_median,relationship=ROAD_HEIGHT; scale=1km; selection=ALL; metric=SPEARMAN_RHO,frozen exploration median of the three exploration cities,0.651295651439,0.651295651439,PASS
Results 3.2,ROAD_HEIGHT 1km ALL SPEARMAN_RHO validation median 0.518038844168,02_exploration_validation_magnitude_summary.csv,validation_median,relationship=ROAD_HEIGHT; scale=1km; selection=ALL; metric=SPEARMAN_RHO,frozen validation median of the three validation cities,0.518038844168,0.518038844168,PASS
Results 3.2,ROAD_HEIGHT 1km ALL WEIGHTED_PEARSON_R exploration median 0.650961587179,02_exploration_validation_magnitude_summary.csv,exploration_median,relationship=ROAD_HEIGHT; scale=1km; selection=ALL; metric=WEIGHTED_PEARSON_R,frozen exploration median of the three exploration cities,0.650961587179,0.650961587179,PASS
Results 3.2,ROAD_HEIGHT 1km ALL WEIGHTED_PEARSON_R validation median 0.53068746359,02_exploration_validation_magnitude_summary.csv,validation_median,relationship=ROAD_HEIGHT; scale=1km; selection=ALL; metric=WEIGHTED_PEARSON_R,frozen validation median of the three validation cities,0.53068746359,0.53068746359,PASS
Results 3.2,ROAD_HEIGHT 5 km shifts remained negative across all four analytical conditions,02_exploration_validation_magnitude_summary.csv,median_shift,relationship == ROAD_HEIGHT; scale == 5km (4 of 24 rows),count(median_shift < 0),4,4,PASS
Results 3.3,BUILDING_ROAD median absolute scale change 0.066931008414 in exploration,04_relationship_robustness_profile.csv,median_abs_scale_delta,phase == EXPLORATION; relationship == BUILDING_ROAD,frozen median absolute scale delta,0.066931008414,0.066931008414,PASS
Results 3.3,BUILDING_ROAD median absolute scale change 0.149844609776 in validation,04_relationship_robustness_profile.csv,median_abs_scale_delta,phase == VALIDATION; relationship == BUILDING_ROAD,frozen median absolute scale delta,0.149844609776,0.149844609776,PASS
Results 3.3,BUILDING_HEIGHT median absolute scale change 0.078152199798 in exploration,04_relationship_robustness_profile.csv,median_abs_scale_delta,phase == EXPLORATION; relationship == BUILDING_HEIGHT,frozen median absolute scale delta,0.078152199798,0.078152199798,PASS
Results 3.3,BUILDING_HEIGHT median absolute scale change 0.174939730572 in validation,04_relationship_robustness_profile.csv,median_abs_scale_delta,phase == VALIDATION; relationship == BUILDING_HEIGHT,frozen median absolute scale delta,0.174939730572,0.174939730572,PASS
Results 3.3,ROAD_HEIGHT median absolute scale change 0.136254986892 in exploration,04_relationship_robustness_profile.csv,median_abs_scale_delta,phase == EXPLORATION; relationship == ROAD_HEIGHT,frozen median absolute scale delta,0.136254986892,0.136254986892,PASS
Results 3.3,ROAD_HEIGHT median absolute scale change 0.193374476081 in validation,04_relationship_robustness_profile.csv,median_abs_scale_delta,phase == VALIDATION; relationship == ROAD_HEIGHT,frozen median absolute scale delta,0.193374476081,0.193374476081,PASS
Results 3.3,ROAD_HEIGHT had the largest observed median scale sensitivity in exploration,04_relationship_robustness_profile.csv,median_abs_scale_delta,phase == EXPLORATION (3 of 6 rows),argmax(median_abs_scale_delta),ROAD_HEIGHT,ROAD_HEIGHT,PASS
Results 3.3,ROAD_HEIGHT had the largest observed median scale sensitivity in validation,04_relationship_robustness_profile.csv,median_abs_scale_delta,phase == VALIDATION (3 of 6 rows),argmax(median_abs_scale_delta),ROAD_HEIGHT,ROAD_HEIGHT,PASS
Results 3.3,BUILDING_HEIGHT maximum absolute scale change 0.337430978364 in exploration,04_relationship_robustness_profile.csv,max_abs_scale_delta,phase == EXPLORATION; relationship == BUILDING_HEIGHT,frozen maximum absolute scale delta,0.337430978364,0.337430978364,PASS
Results 3.3,BUILDING_HEIGHT maximum absolute scale change 0.37407699909 in validation,04_relationship_robustness_profile.csv,max_abs_scale_delta,phase == VALIDATION; relationship == BUILDING_HEIGHT,frozen maximum absolute scale delta,0.37407699909,0.37407699909,PASS
Results 3.3,BUILDING_HEIGHT had the largest maximum absolute coverage change in exploration (0.331438001526),04_relationship_robustness_profile.csv,max_abs_coverage_delta,phase == EXPLORATION (3 of 6 rows),argmax(max_abs_coverage_delta),BUILDING_HEIGHT,BUILDING_HEIGHT,PASS
Results 3.3,BUILDING_HEIGHT maximum absolute coverage change 0.331438001526 in exploration,04_relationship_robustness_profile.csv,max_abs_coverage_delta,phase == EXPLORATION; relationship == BUILDING_HEIGHT,frozen maximum absolute coverage delta,0.331438001526,0.331438001526,PASS
Results 3.3,BUILDING_HEIGHT had the largest maximum absolute coverage change in validation (0.279586989477),04_relationship_robustness_profile.csv,max_abs_coverage_delta,phase == VALIDATION (3 of 6 rows),argmax(max_abs_coverage_delta),BUILDING_HEIGHT,BUILDING_HEIGHT,PASS
Results 3.3,BUILDING_HEIGHT maximum absolute coverage change 0.279586989477 in validation,04_relationship_robustness_profile.csv,max_abs_coverage_delta,phase == VALIDATION; relationship == BUILDING_HEIGHT,frozen maximum absolute coverage delta,0.279586989477,0.279586989477,PASS
Results 3.3,Median absolute coverage changes remained between approximately 0.012 and 0.023 in exploration,04_relationship_robustness_profile.csv,median_abs_coverage_delta,phase == EXPLORATION (3 of 6 rows),min and max of the exploration median absolute coverage changes,"[0.012, 0.023]","[0.012, 0.023]",PASS
Results 3.3,Median absolute coverage changes remained between approximately 0.013 and 0.017 in validation,04_relationship_robustness_profile.csv,median_abs_coverage_delta,phase == VALIDATION (3 of 6 rows),min and max of the validation median absolute coverage changes,"[0.013, 0.017]","[0.013, 0.017]",PASS
Results 3.3,P005 5 km Spearman coefficient 0.730 under ALL windows,validation_correlations.csv,spearman_rho,city_id == P005; scale == 5km; selection == ALL; pair_id == BUILDING_HEIGHT,frozen validation correlation coefficient,0.73,0.729863099921,PASS
Results 3.3,P005 5 km Spearman coefficient 0.450 under Coverage >= 80%,validation_correlations.csv,spearman_rho,city_id == P005; scale == 5km; selection == COVERAGE_80; pair_id == BUILDING_HEIGHT,frozen validation correlation coefficient,0.45,0.450276110444,PASS
Results 3.3,P005 5 km absolute change 0.280 between ALL and Coverage >= 80%,validation_correlations.csv,spearman_rho,city_id == P005; scale == 5km; pair_id == BUILDING_HEIGHT,abs(spearman_rho(COVERAGE_80) - spearman_rho(ALL)),0.28,0.27958698947699995,PASS
Results 3.4,BUILDING_HEIGHT median absolute metric/weighting difference 0.208776326869 in exploration,04_relationship_robustness_profile.csv,median_abs_metric_delta,phase == EXPLORATION; relationship == BUILDING_HEIGHT,frozen median absolute metric delta,0.208776326869,0.208776326869,PASS
Results 3.4,BUILDING_HEIGHT showed the largest median absolute metric/weighting difference in exploration,04_relationship_robustness_profile.csv,median_abs_metric_delta,phase == EXPLORATION (3 of 6 rows),argmax(median_abs_metric_delta),BUILDING_HEIGHT,BUILDING_HEIGHT,PASS
Results 3.4,BUILDING_HEIGHT median absolute metric/weighting difference 0.237048499457 in validation,04_relationship_robustness_profile.csv,median_abs_metric_delta,phase == VALIDATION; relationship == BUILDING_HEIGHT,frozen median absolute metric delta,0.237048499457,0.237048499457,PASS
Results 3.4,BUILDING_HEIGHT showed the largest median absolute metric/weighting difference in validation,04_relationship_robustness_profile.csv,median_abs_metric_delta,phase == VALIDATION (3 of 6 rows),argmax(median_abs_metric_delta),BUILDING_HEIGHT,BUILDING_HEIGHT,PASS
Results 3.4,BUILDING_ROAD validation median absolute metric/weighting difference 0.0340193877405,04_relationship_robustness_profile.csv,median_abs_metric_delta,phase == VALIDATION; relationship == BUILDING_ROAD,frozen median absolute metric delta,0.0340193877405,0.0340193877405,PASS
Results 3.4,ROAD_HEIGHT validation median absolute metric/weighting difference 0.0805404459835,04_relationship_robustness_profile.csv,median_abs_metric_delta,phase == VALIDATION; relationship == ROAD_HEIGHT,frozen median absolute metric delta,0.0805404459835,0.0805404459835,PASS
Results 3.4,P005 1 km ALL Spearman rho 0.664,validation_correlations.csv,spearman_rho,city_id == P005; scale == 1km; selection == ALL; pair_id == BUILDING_HEIGHT,frozen validation correlation coefficient,0.664,0.664392705555,PASS
Results 3.4,P005 1 km ALL weighted Pearson r 0.289,validation_correlations.csv,weighted_pearson_r,city_id == P005; scale == 1km; selection == ALL; pair_id == BUILDING_HEIGHT,frozen validation correlation coefficient,0.289,0.289235464711,PASS
Results 3.4,P005 1 km ALL absolute metric difference 0.375,validation_correlations.csv,spearman_rho; weighted_pearson_r,city_id == P005; scale == 1km; selection == ALL; pair_id == BUILDING_HEIGHT,abs(weighted_pearson_r - spearman_rho),0.375,0.375157240844,PASS
Results 3.4,P005 1 km Coverage >= 80% absolute metric difference 0.348,validation_correlations.csv,spearman_rho; weighted_pearson_r,city_id == P005; scale == 1km; selection == COVERAGE_80; pair_id == BUILDING_HEIGHT,abs(weighted_pearson_r - spearman_rho),0.348,0.34821717213299996,PASS
Supplementary Figure S1,P005 5 km signed coverage delta for BUILDING_HEIGHT Spearman,03_scale_coverage_metric_sensitivity.csv,signed_delta,phase=VALIDATION; city_id=P005; relationship=BUILDING_HEIGHT; dimension=COVERAGE; conditioning=5km; metric=SPEARMAN_RHO,frozen signed coverage delta,-0.279587,-0.279586989477,PASS
Supplementary Figure S1,P005 1 km ALL signed metric delta for BUILDING_HEIGHT,03_scale_coverage_metric_sensitivity.csv,signed_delta,phase=VALIDATION; city_id=P005; relationship=BUILDING_HEIGHT; dimension=METRIC; conditioning=1km|ALL; metric=SPEARMAN_VS_WEIGHTED_PEARSON,frozen signed metric delta,-0.375157,-0.375157240844,PASS
