city_id,scale,selection,variable_x,variable_y,all_selected_windows,valid_pair_windows,weight_type,weight_sum_km2,spearman_rho,weighted_pearson_r,spearman_sign,weighted_pearson_sign,status
P004,1km,ALL,building_coverage_mean,road_density_mean_km_per_km2,1914,1914,effective_area_m2,1733.5659218119224,0.7294318713575818,0.6044642566429921,POSITIVE,POSITIVE,DESCRIPTIVE_OK
P004,1km,ALL,building_coverage_mean,height_conditional_mean_m,1914,1569,height_valid_cell_area_m2,752.8385750023336,0.5799397387409131,0.23329781068476294,POSITIVE,POSITIVE,DESCRIPTIVE_OK
P004,1km,ALL,road_density_mean_km_per_km2,height_conditional_mean_m,1914,1569,height_valid_cell_area_m2,752.8385750023336,0.6688101586239585,0.6542408900987713,POSITIVE,POSITIVE,DESCRIPTIVE_OK
P004,1km,COVERAGE_80,building_coverage_mean,road_density_mean_km_per_km2,1657,1657,effective_area_m2,1648.6678685841423,0.6953812312913507,0.5929360168476513,POSITIVE,POSITIVE,DESCRIPTIVE_OK
P004,1km,COVERAGE_80,building_coverage_mean,height_conditional_mean_m,1657,1459,height_valid_cell_area_m2,738.323495910521,0.5590038499372575,0.23236456785688545,POSITIVE,POSITIVE,DESCRIPTIVE_OK
P004,1km,COVERAGE_80,road_density_mean_km_per_km2,height_conditional_mean_m,1657,1459,height_valid_cell_area_m2,738.323495910521,0.6602520995837867,0.6535509048359841,POSITIVE,POSITIVE,DESCRIPTIVE_OK
P004,5km,ALL,building_coverage_mean,road_density_mean_km_per_km2,101,101,effective_area_m2,1733.5659218119222,0.8078663997433362,0.7058752596673856,POSITIVE,POSITIVE,DESCRIPTIVE_OK
P004,5km,ALL,building_coverage_mean,height_conditional_mean_m,101,94,height_valid_cell_area_m2,752.8385750023338,0.5530108730990139,0.21007343290474864,POSITIVE,POSITIVE,DESCRIPTIVE_OK
P004,5km,ALL,road_density_mean_km_per_km2,height_conditional_mean_m,101,94,height_valid_cell_area_m2,752.8385750023338,0.7318932196654988,0.8149869962276985,POSITIVE,POSITIVE,DESCRIPTIVE_OK
P004,5km,COVERAGE_80,building_coverage_mean,road_density_mean_km_per_km2,55,55,effective_area_m2,1347.1803950855128,0.6567099567099569,0.609444686279581,POSITIVE,POSITIVE,DESCRIPTIVE_OK
P004,5km,COVERAGE_80,building_coverage_mean,height_conditional_mean_m,55,55,height_valid_cell_area_m2,633.3582198285645,0.22157287157287162,0.15531819681713302,POSITIVE,POSITIVE,DESCRIPTIVE_OK
P004,5km,COVERAGE_80,road_density_mean_km_per_km2,height_conditional_mean_m,55,55,height_valid_cell_area_m2,633.3582198285645,0.6860750360750362,0.8107492880865856,POSITIVE,POSITIVE,DESCRIPTIVE_OK
P026,1km,ALL,building_coverage_mean,road_density_mean_km_per_km2,1931,1931,effective_area_m2,1610.8836101806319,0.6116247364416396,0.5505764610993497,POSITIVE,POSITIVE,DESCRIPTIVE_OK
P026,1km,ALL,building_coverage_mean,height_conditional_mean_m,1931,1724,height_valid_cell_area_m2,481.3688612300161,0.5892606524119093,0.3447144525505066,POSITIVE,POSITIVE,DESCRIPTIVE_OK
P026,1km,ALL,road_density_mean_km_per_km2,height_conditional_mean_m,1931,1724,height_valid_cell_area_m2,481.3688612300161,0.5289401340809035,0.65096158717942,POSITIVE,POSITIVE,DESCRIPTIVE_OK
P026,1km,COVERAGE_80,building_coverage_mean,road_density_mean_km_per_km2,1474,1474,effective_area_m2,1462.2983116703158,0.5962050555123123,0.5481897905679011,POSITIVE,POSITIVE,DESCRIPTIVE_OK
P026,1km,COVERAGE_80,building_coverage_mean,height_conditional_mean_m,1474,1417,height_valid_cell_area_m2,459.30512371028266,0.5925526997457105,0.33383309157462193,POSITIVE,POSITIVE,DESCRIPTIVE_OK
P026,1km,COVERAGE_80,road_density_mean_km_per_km2,height_conditional_mean_m,1474,1417,height_valid_cell_area_m2,459.30512371028266,0.569336620429948,0.6518573079942807,POSITIVE,POSITIVE,DESCRIPTIVE_OK
P026,5km,ALL,building_coverage_mean,road_density_mean_km_per_km2,127,127,effective_area_m2,1610.8836101806323,0.6177862469613615,0.763000318683143,POSITIVE,POSITIVE,DESCRIPTIVE_OK
P026,5km,ALL,building_coverage_mean,height_conditional_mean_m,127,125,height_valid_cell_area_m2,481.36886123001614,0.5201658986175115,0.5736282158916067,POSITIVE,POSITIVE,DESCRIPTIVE_OK
P026,5km,ALL,road_density_mean_km_per_km2,height_conditional_mean_m,127,125,height_valid_cell_area_m2,481.36886123001614,0.47208060227490756,0.8102742495184291,POSITIVE,POSITIVE,DESCRIPTIVE_OK
P026,5km,COVERAGE_80,building_coverage_mean,road_density_mean_km_per_km2,38,38,effective_area_m2,910.5307667533348,0.6338767917715287,0.7491265222166837,POSITIVE,POSITIVE,DESCRIPTIVE_OK
P026,5km,COVERAGE_80,building_coverage_mean,height_conditional_mean_m,38,38,height_valid_cell_area_m2,345.66847212668785,0.513294671189408,0.5410149683270653,POSITIVE,POSITIVE,DESCRIPTIVE_OK
P026,5km,COVERAGE_80,road_density_mean_km_per_km2,height_conditional_mean_m,38,38,height_valid_cell_area_m2,345.66847212668785,0.6846482109640004,0.8481312881440447,POSITIVE,POSITIVE,DESCRIPTIVE_OK
P037,1km,ALL,building_coverage_mean,road_density_mean_km_per_km2,666,666,effective_area_m2,544.6803861428136,0.6909007635234493,0.5869184569538984,POSITIVE,POSITIVE,DESCRIPTIVE_OK
P037,1km,ALL,building_coverage_mean,height_conditional_mean_m,666,541,height_valid_cell_area_m2,171.24859929313496,0.8323931279978234,0.620792756989961,POSITIVE,POSITIVE,DESCRIPTIVE_OK
P037,1km,ALL,road_density_mean_km_per_km2,height_conditional_mean_m,666,541,height_valid_cell_area_m2,171.24859929313496,0.6512956514386752,0.6092895758979295,POSITIVE,POSITIVE,DESCRIPTIVE_OK
P037,1km,COVERAGE_80,building_coverage_mean,road_density_mean_km_per_km2,489,489,effective_area_m2,484.72605280744966,0.6731439401291985,0.5778481995317645,POSITIVE,POSITIVE,DESCRIPTIVE_OK
P037,1km,COVERAGE_80,building_coverage_mean,height_conditional_mean_m,489,460,height_valid_cell_area_m2,165.43931770550714,0.819349931176218,0.6133976484464743,POSITIVE,POSITIVE,DESCRIPTIVE_OK
P037,1km,COVERAGE_80,road_density_mean_km_per_km2,height_conditional_mean_m,489,460,height_valid_cell_area_m2,165.43931770550714,0.652698190529881,0.6030317088151892,POSITIVE,POSITIVE,DESCRIPTIVE_OK
P037,5km,ALL,building_coverage_mean,road_density_mean_km_per_km2,47,47,effective_area_m2,544.6803861428135,0.7339810316909553,0.7853164428276028,POSITIVE,POSITIVE,DESCRIPTIVE_OK
P037,5km,ALL,building_coverage_mean,height_conditional_mean_m,47,44,height_valid_cell_area_m2,171.24859929313493,0.8036645525017618,0.697112856945407,POSITIVE,POSITIVE,DESCRIPTIVE_OK
P037,5km,ALL,road_density_mean_km_per_km2,height_conditional_mean_m,47,44,height_valid_cell_area_m2,171.24859929313493,0.6720225510923185,0.8263482524954662,POSITIVE,POSITIVE,DESCRIPTIVE_OK
P037,5km,COVERAGE_80,building_coverage_mean,road_density_mean_km_per_km2,15,15,effective_area_m2,352.3470736393028,0.7285714285714285,0.7772164768015479,POSITIVE,POSITIVE,DESCRIPTIVE_OK
P037,5km,COVERAGE_80,building_coverage_mean,height_conditional_mean_m,15,15,height_valid_cell_area_m2,135.20418245669453,0.6107142857142855,0.7007538629634656,POSITIVE,POSITIVE,DESCRIPTIVE_OK
P037,5km,COVERAGE_80,road_density_mean_km_per_km2,height_conditional_mean_m,15,15,height_valid_cell_area_m2,135.20418245669453,0.7321428571428571,0.8873496143625278,POSITIVE,POSITIVE,DESCRIPTIVE_OK
